"Week","None","D0","D1","D2","D3","D4","DSCI"
"2023-03-14","47.51","16.70","20.06","10.41","3.76","1.56","111"
"2023-03-07","45.13","17.22","20.92","11.42","3.79","1.52","116"
"2023-02-28","45.00","16.54","21.15","11.66","4.10","1.55","118"
"2023-02-21","42.54","15.93","23.26","12.80","3.83","1.64","124"
"2023-02-14","42.69","15.96","22.42","13.32","3.91","1.70","125"
"2023-02-07","39.70","18.42","22.27","13.29","4.56","1.77","130"
"2023-01-31","38.41","18.94","21.26","13.97","5.68","1.74","135"
"2023-01-24","37.08","19.93","21.32","14.19","5.70","1.78","137"
"2023-01-17","35.15","21.00","20.61","15.33","6.12","1.79","142"
"2023-01-10","33.52","22.47","19.95","15.66","6.61","1.79","145"
"2023-01-03","30.50","23.24","20.02","16.38","8.00","1.85","154"
"2022-12-27","25.95","24.40","21.43","17.46","8.42","2.34","165"
"2022-12-20","26.07","24.62","21.10","17.46","8.42","2.34","165"
"2022-12-13","22.38","24.42","23.09","18.83","8.92","2.36","175"
"2022-12-06","21.47","23.05","24.39","18.68","9.59","2.82","180"
"2022-11-29","20.25","22.24","25.36","19.14","10.22","2.78","185"
"2022-11-22","18.22","22.48","26.26","19.07","11.09","2.87","191"
"2022-11-15","18.09","22.83","26.16","18.98","11.10","2.84","191"
"2022-11-08","14.96","24.70","25.51","20.67","11.15","3.01","197"
"2022-11-01","14.72","22.50","26.42","21.91","11.48","2.97","202"
"2022-10-25","15.54","21.51","26.89","21.43","11.77","2.85","201"
"2022-10-18","17.77","22.89","24.92","19.74","11.63","3.05","194"
"2022-10-11","18.22","26.37","22.32","18.60","11.53","2.96","188"
"2022-10-04","22.60","24.85","20.15","18.71","11.02","2.68","179"
"2022-09-27","24.85","24.27","20.63","17.75","9.94","2.56","171"
"2022-09-20","31.02","20.07","19.11","18.11","9.44","2.24","162"
"2022-09-13","33.76","21.07","15.95","18.04","9.42","1.77","154"
"2022-09-06","36.28","19.69","15.07","17.53","9.69","1.73","150"
"2022-08-30","35.57","18.90","14.82","17.66","11.04","2.00","156"
"2022-08-23","35.62","17.47","14.15","18.05","12.12","2.59","161"
"2022-08-16","33.39","17.43","14.37","17.50","13.41","3.89","172"
"2022-08-09","34.41","15.48","13.87","17.62","14.31","4.31","175"
"2022-08-02","33.52","15.09","14.35","18.07","14.49","4.47","178"
"2022-07-26","31.93","16.12","14.89","17.45","15.16","4.44","181"
"2022-07-19","31.47","16.66","15.87","17.96","13.53","4.51","179"
"2022-07-12","31.28","18.11","18.35","15.06","12.53","4.67","173"
"2022-07-05","29.91","20.68","16.70","15.08","13.78","3.85","174"
"2022-06-28","31.35","20.92","14.87","15.29","13.70","3.87","171"
"2022-06-21","37.51","17.11","12.52","13.73","13.52","5.62","166"
"2022-06-14","42.78","12.68","11.79","13.12","14.04","5.59","160"
"2022-06-07","41.68","10.75","13.20","14.75","14.19","5.43","165"
"2022-05-31","41.58","9.12","12.31","16.85","14.62","5.52","170"
"2022-05-24","38.01","11.33","11.50","18.22","14.98","5.96","179"
"2022-05-17","36.86","10.60","12.63","18.29","15.84","5.77","183"
"2022-05-10","38.78","8.20","13.27","19.78","15.70","4.27","178"
"2022-05-03","36.11","10.12","13.29","21.96","14.36","4.16","181"
"2022-04-26","35.88","9.92","11.91","22.56","16.18","3.56","184"
"2022-04-19","34.18","10.44","12.39","22.75","17.42","2.82","187"
"2022-04-12","32.56","10.71","13.50","23.86","16.79","2.58","189"
"2022-04-05","30.71","11.99","14.08","25.71","15.38","2.13","189"
"2022-03-29","30.47","11.56","16.70","24.13","15.29","1.85","188"
"2022-03-22","28.12","13.61","17.47","24.26","14.78","1.76","189"
"2022-03-15","25.75","13.27","18.58","25.36","14.96","2.08","197"
"2022-03-08","24.87","14.01","19.29","26.88","12.91","2.04","195"
"2022-03-01","26.46","14.37","19.20","26.66","12.13","1.18","187"
"2022-02-22","26.63","15.86","21.24","24.11","10.95","1.23","181"
"2022-02-15","27.42","15.52","20.71","24.50","10.61","1.24","179"
"2022-02-08","28.83","15.69","20.08","24.07","9.98","1.34","175"
"2022-02-01","27.79","16.97","18.72","24.31","10.87","1.34","178"
"2022-01-25","29.13","15.67","18.80","24.18","10.90","1.32","176"
"2022-01-18","29.03","15.87","19.09","24.72","10.09","1.19","175"
"2022-01-11","28.18","16.83","19.64","23.85","10.25","1.24","175"
"2022-01-04","28.18","17.02","19.68","22.76","10.81","1.55","176"
"2021-12-28","26.51","18.19","19.03","22.26","12.10","1.90","181"
"2021-12-21","27.58","17.22","18.49","19.14","13.89","3.68","186"
"2021-12-14","26.05","18.81","18.46","18.94","13.19","4.55","188"
"2021-12-07","28.00","16.46","18.44","19.27","12.87","4.97","187"
"2021-11-30","30.95","15.63","18.31","17.34","12.44","5.33","181"
"2021-11-23","34.49","14.98","17.52","15.76","11.92","5.33","172"
"2021-11-16","36.53","14.67","16.27","15.36","11.84","5.33","167"
"2021-11-09","37.05","14.86","15.49","14.89","12.25","5.46","167"
"2021-11-02","37.22","14.97","14.87","14.96","12.23","5.74","167"
"2021-10-26","35.79","16.87","13.52","14.74","13.04","6.04","170"
"2021-10-19","38.32","15.22","12.82","12.87","14.09","6.68","169"
"2021-10-12","37.47","15.21","12.01","13.08","15.21","7.02","174"
"2021-10-05","37.64","14.92","10.98","13.38","16.02","7.07","176"
"2021-09-28","37.35","14.82","11.24","13.48","15.84","7.27","177"
"2021-09-21","39.13","14.31","11.19","12.64","15.51","7.22","173"
"2021-09-14","41.55","12.84","9.93","11.91","16.24","7.53","171"
"2021-09-07","45.14","9.24","9.91","11.73","16.37","7.61","168"
"2021-08-31","44.48","8.89","10.04","12.11","16.56","7.92","171"
"2021-08-24","44.39","8.28","9.30","12.40","17.27","8.37","175"
"2021-08-17","43.72","9.10","8.71","11.67","17.56","9.23","178"
"2021-08-10","43.78","9.41","7.77","12.59","17.40","9.06","178"
"2021-08-03","45.83","7.86","7.28","13.04","17.07","8.92","174"
"2021-07-27","46.46","7.23","7.92","12.91","16.64","8.84","173"
"2021-07-20","45.94","7.72","8.30","12.45","15.58","10.00","174"
"2021-07-13","44.22","9.33","9.37","12.91","14.29","9.88","173"
"2021-07-06","42.48","10.25","10.58","13.98","13.22","9.49","174"
"2021-06-29","41.48","11.33","11.47","12.97","13.04","9.71","174"
"2021-06-22","39.32","13.01","12.94","12.90","11.95","9.87","175"
"2021-06-15","39.88","14.10","13.09","11.49","11.54","9.89","170"
"2021-06-08","38.79","15.99","13.18","10.78","11.37","9.89","170"
"2021-06-01","41.00","15.29","13.22","9.50","11.22","9.77","164"
"2021-05-25","38.64","17.94","13.26","8.91","11.02","10.23","166"
"2021-05-18","40.31","15.48","13.17","9.15","12.18","9.71","167"
"2021-05-11","38.85","15.00","14.26","9.39","12.97","9.54","171"
"2021-05-04","34.36","19.09","14.32","9.68","13.51","9.04","176"
"2021-04-27","31.73","19.90","15.89","10.76","12.50","9.22","180"
"2021-04-20","35.32","17.41","15.45","10.68","12.05","9.09","174"
"2021-04-13","37.45","17.05","14.19","10.45","11.80","9.06","169"
"2021-04-06","35.64","19.31","14.35","10.45","11.32","8.92","169"
"2021-03-30","36.59","19.49","14.31","10.93","9.97","8.71","164"
"2021-03-23","35.79","20.66","13.73","11.77","9.32","8.74","164"
"2021-03-16","34.15","21.71","14.09","12.29","9.20","8.56","166"
"2021-03-09","33.46","19.83","15.11","13.04","9.99","8.58","172"
"2021-03-02","38.33","15.08","15.66","12.31","10.12","8.50","166"
"2021-02-23","36.10","18.34","14.70","12.19","10.22","8.44","167"
"2021-02-16","35.54","19.27","15.02","11.15","10.88","8.14","167"
"2021-02-09","35.32","18.76","14.65","10.90","11.58","8.79","171"
"2021-02-02","35.64","18.58","14.30","11.09","11.61","8.78","171"
"2021-01-26","37.68","16.29","13.51","11.41","12.14","8.96","171"
"2021-01-19","36.53","18.46","12.58","11.17","11.90","9.36","172"
"2021-01-12","38.24","16.90","12.36","11.34","11.90","9.26","170"
"2021-01-05","38.40","15.84","12.87","11.79","11.63","9.46","171"
"2020-12-29","33.59","17.42","14.77","12.01","12.32","9.89","182"
"2020-12-22","32.97","17.44","15.38","11.99","12.32","9.89","183"
"2020-12-15","33.03","17.63","15.22","12.08","12.14","9.89","182"
"2020-12-08","32.59","18.31","15.62","12.38","11.20","9.90","181"
"2020-12-01","33.15","18.81","16.15","10.87","11.16","9.87","178"
"2020-11-24","32.59","18.80","16.58","11.65","11.86","8.52","177"
"2020-11-17","35.37","17.33","16.51","11.97","13.17","5.65","167"
"2020-11-10","35.55","18.55","15.85","11.25","14.74","4.06","163"
"2020-11-03","37.63","17.27","16.20","11.14","14.91","2.85","157"
"2020-10-27","35.58","18.33","16.23","11.84","15.20","2.82","161"
"2020-10-20","34.04","18.93","17.53","11.28","15.40","2.82","164"
"2020-10-13","35.18","18.07","16.89","13.02","14.77","2.07","160"
"2020-10-06","37.12","18.61","15.23","13.09","13.89","2.07","154"
"2020-09-29","38.05","19.35","15.22","12.74","13.43","1.20","148"
"2020-09-22","41.48","18.87","13.69","13.19","12.19","0.58","137"
"2020-09-15","42.48","18.65","13.75","13.58","11.11","0.43","133"
"2020-09-08","42.92","18.38","13.56","13.43","11.55","0.16","133"
"2020-09-01","42.54","18.06","14.66","16.14","8.51","0.10","130"
"2020-08-25","42.38","18.47","15.15","16.11","7.81","0.08","129"
"2020-08-18","45.99","17.36","16.54","15.70","4.37","0.03","115"
"2020-08-11","47.09","18.52","18.40","12.17","3.84","0.00","107"
"2020-08-04","45.99","20.54","18.30","12.02","3.15","0.00","106"
"2020-07-28","43.97","23.31","18.64","11.17","2.91","0.00","106"
"2020-07-21","44.37","24.24","19.11","9.68","2.60","0.00","102"
"2020-07-14","48.60","23.94","15.89","8.82","2.75","0.00","93"
"2020-07-07","51.49","22.74","14.79","8.63","2.35","0.00","88"
"2020-06-30","54.57","19.90","15.01","8.03","2.41","0.08","84"
"2020-06-23","55.25","19.29","15.60","7.57","2.28","0.00","82"
"2020-06-16","56.26","20.38","13.45","7.63","2.28","0.00","79"
"2020-06-09","61.38","17.34","12.86","6.63","1.79","0.00","70"
"2020-06-02","64.11","15.98","12.18","6.44","1.28","0.00","65"
"2020-05-26","65.65","15.83","11.34","5.94","1.24","0.00","61"
"2020-05-19","64.46","16.64","11.59","6.00","1.30","0.00","63"
"2020-05-12","65.69","16.89","10.32","5.89","1.21","0.00","60"
"2020-05-05","69.23","14.69","9.82","5.29","0.97","0.00","54"
"2020-04-28","71.30","13.95","9.10","5.19","0.46","0.00","50"
"2020-04-21","73.08","12.23","9.04","5.15","0.49","0.00","48"
"2020-04-14","74.42","11.06","10.18","4.18","0.15","0.01","45"
"2020-04-07","74.48","10.65","12.03","2.62","0.21","0.01","43"
"2020-03-31","74.79","10.67","11.50","2.56","0.45","0.03","43"
"2020-03-24","74.94","13.22","9.01","2.44","0.36","0.03","40"
"2020-03-17","75.09","12.31","9.70","2.29","0.59","0.03","41"
"2020-03-10","75.71","11.43","10.26","2.08","0.52","0.00","40"
"2020-03-03","76.21","12.27","9.01","1.99","0.52","0.00","38"
"2020-02-25","76.98","12.86","7.92","2.01","0.23","0.00","36"
"2020-02-18","76.49","13.95","7.06","2.26","0.23","0.00","36"
"2020-02-11","75.85","13.55","8.03","2.41","0.17","0.00","38"
"2020-02-04","74.30","15.09","8.15","2.39","0.07","0.00","39"
"2020-01-28","73.32","15.68","8.61","2.34","0.05","0.00","40"
"2020-01-21","75.13","13.40","8.09","3.31","0.07","0.00","40"
"2020-01-14","76.70","12.58","7.61","3.00","0.11","0.00","37"
"2020-01-07","75.94","12.86","7.97","3.10","0.12","0.00","39"
"2019-12-31","75.80","13.00","7.37","3.76","0.06","0.00","39"
"2019-12-24","74.37","13.33","8.12","4.08","0.10","0.00","42"
"2019-12-17","72.94","14.42","8.57","3.97","0.10","0.00","44"
"2019-12-10","72.04","16.85","6.66","4.34","0.10","0.00","44"
"2019-12-03","68.16","20.18","7.06","4.49","0.10","0.00","48"
"2019-11-26","67.05","18.84","8.38","5.54","0.19","0.00","53"
"2019-11-19","70.31","15.28","8.64","5.59","0.19","0.00","50"
"2019-11-12","70.09","15.24","8.78","5.83","0.05","0.00","50"
"2019-11-05","72.05","12.29","9.36","5.77","0.53","0.00","50"
"2019-10-29","66.24","15.90","10.47","6.87","0.51","0.00","59"
"2019-10-22","62.69","16.30","12.50","7.59","0.92","0.00","68"
"2019-10-15","60.22","18.59","12.04","7.68","1.48","0.00","72"
"2019-10-08","63.19","16.41","12.83","6.37","1.20","0.00","66"
"2019-10-01","60.59","20.13","13.34","5.16","0.79","0.00","65"
"2019-09-24","60.99","21.64","13.45","3.60","0.31","0.00","61"
"2019-09-17","65.80","20.13","10.55","3.20","0.32","0.00","52"
"2019-09-10","68.97","17.45","10.77","2.50","0.31","0.00","48"
"2019-09-03","70.46","19.50","8.58","1.27","0.20","0.00","41"
"2019-08-27","72.16","18.77","7.64","1.26","0.17","0.00","39"
"2019-08-20","73.60","19.11","6.05","1.18","0.05","0.00","35"
"2019-08-13","75.82","17.98","5.31","0.87","0.02","0.00","31"
"2019-08-06","81.02","14.60","3.83","0.55","0.00","0.00","24"
"2019-07-30","86.35","10.18","3.05","0.42","0.00","0.00","18"
"2019-07-23","89.15","7.81","2.60","0.45","0.00","0.00","14"
"2019-07-16","90.21","6.70","2.47","0.62","0.00","0.00","14"
"2019-07-09","89.17","7.60","2.59","0.63","0.00","0.00","15"
"2019-07-02","90.04","6.74","2.63","0.59","0.00","0.00","14"
"2019-06-25","89.90","6.81","2.65","0.65","0.00","0.00","14"
"2019-06-18","89.27","6.64","3.50","0.59","0.00","0.00","15"
"2019-06-11","89.42","6.46","3.81","0.31","0.00","0.00","15"
"2019-06-04","87.08","7.64","4.77","0.51","0.00","0.00","19"
"2019-05-28","87.90","8.79","3.31","0.00","0.00","0.00","15"
"2019-05-21","90.62","6.79","2.59","0.00","0.00","0.00","12"
"2019-05-14","91.16","6.44","2.36","0.04","0.00","0.00","11"
"2019-05-07","90.17","7.30","2.48","0.05","0.00","0.00","12"
"2019-04-30","88.88","8.79","2.06","0.27","0.00","0.00","14"
"2019-04-23","87.65","10.07","2.01","0.27","0.00","0.00","15"
"2019-04-16","85.88","10.39","3.08","0.65","0.00","0.00","19"
"2019-04-09","81.91","13.72","3.71","0.65","0.00","0.00","23"
"2019-04-02","79.37","14.90","4.85","0.88","0.00","0.00","27"
"2019-03-26","81.65","13.50","3.99","0.86","0.00","0.00","24"
"2019-03-19","81.23","13.99","3.61","0.85","0.33","0.00","25"
"2019-03-12","78.01","15.53","4.71","1.22","0.49","0.04","31"
"2019-03-05","73.56","14.72","8.92","2.27","0.49","0.04","42"
"2019-02-26","73.32","14.76","8.07","3.30","0.52","0.04","43"
"2019-02-19","70.16","14.74","9.31","4.45","1.27","0.06","52"
"2019-02-12","67.83","16.57","9.37","4.32","1.85","0.06","56"
"2019-02-05","69.83","14.46","8.97","4.82","1.75","0.16","55"
"2019-01-29","70.20","13.27","9.78","4.84","1.76","0.15","55"
"2019-01-22","68.89","11.21","11.85","6.08","1.82","0.15","61"
"2019-01-15","68.52","9.89","11.57","6.93","1.98","1.11","67"
"2019-01-08","69.56","8.88","11.06","7.35","2.04","1.11","67"
"2019-01-01","69.05","9.05","11.17","7.44","2.16","1.14","68"
"2018-12-25","66.00","11.50","11.52","7.63","2.20","1.15","72"
"2018-12-18","66.85","10.43","11.52","7.48","2.57","1.15","72"
"2018-12-11","67.16","10.15","11.49","7.45","2.58","1.17","72"
"2018-12-04","67.45","10.38","10.84","7.55","2.62","1.17","71"
"2018-11-27","65.97","11.17","11.44","7.14","2.96","1.32","74"
"2018-11-20","66.39","11.20","10.96","7.16","2.98","1.32","73"
"2018-11-13","64.86","14.20","9.38","7.28","2.96","1.32","73"
"2018-11-06","64.33","14.43","9.42","7.50","2.98","1.34","74"
"2018-10-30","63.41","14.59","9.44","7.91","3.31","1.35","77"
"2018-10-23","61.87","14.22","10.68","8.44","3.45","1.35","81"
"2018-10-16","61.65","14.30","10.54","8.57","3.60","1.35","82"
"2018-10-09","56.69","17.11","11.79","8.76","4.20","1.45","91"
"2018-10-02","52.64","18.39","11.93","9.76","5.54","1.73","102"
"2018-09-25","51.36","19.10","12.08","9.98","5.76","1.73","105"
"2018-09-18","49.67","19.48","13.91","9.73","5.64","1.58","107"
"2018-09-11","49.57","20.04","13.69","9.82","5.40","1.48","106"
"2018-09-04","46.25","19.45","15.44","11.31","6.06","1.48","116"
"2018-08-28","44.11","21.47","15.04","11.88","5.95","1.55","119"
"2018-08-21","42.73","22.18","15.98","11.57","5.94","1.60","121"
"2018-08-14","42.07","21.71","16.20","11.88","6.43","1.70","124"
"2018-08-07","45.92","18.43","14.59","12.14","7.31","1.62","121"
"2018-07-31","45.57","20.29","14.72","10.90","6.90","1.61","118"
"2018-07-24","46.48","21.28","12.91","10.67","7.04","1.62","115"
"2018-07-17","49.93","19.10","14.19","8.16","6.75","1.88","108"
"2018-07-10","51.44","18.19","13.91","7.62","6.94","1.90","106"
"2018-07-03","50.99","19.28","13.08","8.31","6.45","1.88","106"
"2018-06-26","51.31","19.90","12.86","7.65","6.44","1.84","104"
"2018-06-19","52.88","19.99","10.59","8.31","6.40","1.83","101"
"2018-06-12","52.32","19.82","10.89","7.72","7.27","1.98","104"
"2018-06-05","53.71","19.19","10.06","7.90","7.12","2.05","102"
"2018-05-29","57.44","16.14","9.50","7.68","7.15","2.09","97"
"2018-05-22","56.67","16.61","9.87","7.45","7.00","2.40","99"
"2018-05-15","54.36","17.36","11.57","7.21","7.03","2.47","103"
"2018-05-08","55.56","16.76","11.75","6.61","7.01","2.31","100"
"2018-05-01","57.24","14.15","12.28","7.43","6.69","2.21","99"
"2018-04-24","57.51","13.50","12.64","7.85","6.54","1.97","98"
"2018-04-17","57.18","13.96","12.52","8.15","6.48","1.71","98"
"2018-04-10","53.49","16.81","13.01","8.58","6.79","1.32","102"
"2018-04-03","52.45","18.12","13.05","8.78","6.99","0.60","102"
"2018-03-27","50.79","18.44","14.41","9.10","6.71","0.55","104"
"2018-03-20","50.04","18.93","14.33","10.27","6.22","0.20","104"
"2018-03-13","47.90","21.07","14.73","10.63","5.47","0.20","105"
"2018-03-06","47.53","21.91","15.05","10.56","4.83","0.12","104"
"2018-02-27","45.34","23.36","16.99","11.09","3.22","0.00","103"
"2018-02-20","40.71","22.81","18.72","14.54","3.22","0.00","117"
"2018-02-13","39.50","24.16","18.30","15.08","2.96","0.00","118"
"2018-02-06","33.05","27.30","21.20","15.85","2.60","0.00","128"
"2018-01-30","32.90","28.68","21.21","15.49","1.72","0.00","124"
"2018-01-23","37.55","27.06","21.80","12.70","0.90","0.00","112"
"2018-01-16","39.07","27.89","23.01","9.39","0.64","0.00","105"
"2018-01-09","42.19","25.74","23.37","8.23","0.46","0.00","99"
"2018-01-02","44.46","27.83","20.24","6.63","0.83","0.00","92"
"2017-12-26","45.31","28.32","21.42","4.12","0.83","0.00","87"
"2017-12-19","43.26","30.56","19.21","5.69","1.28","0.00","91"
"2017-12-12","45.08","31.07","17.36","4.71","1.78","0.00","87"
"2017-12-05","52.38","23.32","18.31","4.76","1.23","0.00","79"
"2017-11-28","57.34","21.52","16.26","3.85","1.03","0.00","70"
"2017-11-21","63.18","21.42","11.26","3.39","0.75","0.00","57"
"2017-11-14","64.97","21.97","9.54","2.76","0.75","0.00","52"
"2017-11-07","67.18","20.85","9.06","2.15","0.75","0.00","48"
"2017-10-31","66.47","21.58","9.28","1.79","0.88","0.00","49"
"2017-10-24","63.64","24.40","9.38","1.70","0.88","0.00","52"
"2017-10-17","62.25","25.26","9.51","2.16","0.82","0.00","54"
"2017-10-10","61.93","23.95","10.09","2.97","0.79","0.27","58"
"2017-10-03","61.15","24.48","9.64","3.34","0.89","0.50","60"
"2017-09-26","63.07","23.11","8.83","2.63","1.49","0.87","59"
"2017-09-19","63.13","21.36","9.90","3.22","1.52","0.87","61"
"2017-09-12","66.26","17.66","9.84","3.11","1.85","1.28","60"
"2017-09-05","69.91","16.55","7.61","3.11","1.54","1.28","54"
"2017-08-29","71.43","16.75","6.08","3.09","1.44","1.21","50"
"2017-08-22","72.57","15.35","6.59","3.06","1.84","0.59","48"
"2017-08-15","71.95","16.74","5.97","2.88","1.75","0.70","48"
"2017-08-08","70.23","18.53","5.86","3.00","1.62","0.76","50"
"2017-08-01","69.48","18.76","6.54","2.63","1.84","0.76","51"
"2017-07-25","67.30","21.72","5.80","2.56","1.86","0.76","52"
"2017-07-18","70.67","18.75","5.81","2.46","2.08","0.22","47"
"2017-07-11","76.90","13.50","5.30","2.11","2.19","0.00","39"
"2017-07-04","77.65","13.90","4.61","2.41","1.43","0.00","36"
"2017-06-27","78.40","13.56","4.79","2.28","0.97","0.00","34"
"2017-06-20","80.50","12.51","4.87","1.58","0.55","0.00","29"
"2017-06-13","79.99","12.73","5.70","1.57","0.00","0.00","29"
"2017-06-06","83.04","9.16","6.55","1.25","0.00","0.00","26"
"2017-05-30","81.70","13.02","4.16","0.84","0.28","0.00","25"
"2017-05-23","85.73","9.75","3.30","0.80","0.41","0.00","20"
"2017-05-16","83.43","10.97","4.23","0.95","0.43","0.00","24"
"2017-05-09","84.89","9.88","3.92","1.02","0.28","0.00","22"
"2017-05-02","85.70","9.33","3.67","1.18","0.13","0.00","21"
"2017-04-25","78.33","15.56","5.04","1.04","0.03","0.00","29"
"2017-04-18","73.05","18.75","6.76","1.35","0.09","0.00","37"
"2017-04-11","73.01","18.82","6.73","1.35","0.09","0.00","37"
"2017-04-04","70.28","19.89","8.33","1.40","0.10","0.00","41"
"2017-03-28","64.42","21.38","11.38","2.61","0.21","0.00","53"
"2017-03-21","63.79","20.25","12.23","3.31","0.43","0.00","56"
"2017-03-14","68.14","16.65","11.26","3.47","0.49","0.00","52"
"2017-03-07","67.23","17.84","10.94","3.46","0.53","0.00","52"
"2017-02-28","66.29","19.64","10.40","3.19","0.49","0.00","52"
"2017-02-21","68.47","17.75","10.46","2.97","0.34","0.00","49"
"2017-02-14","68.27","18.19","10.37","2.82","0.35","0.00","49"
"2017-02-07","69.00","16.74","10.87","3.05","0.34","0.00","49"
"2017-01-31","68.03","17.43","10.71","3.42","0.41","0.00","51"
"2017-01-24","67.20","16.68","11.67","4.01","0.44","0.00","54"
"2017-01-17","60.50","20.24","12.48","4.39","2.28","0.11","68"
"2017-01-10","58.35","20.82","12.87","5.35","2.49","0.11","73"
"2017-01-03","53.90","23.57","13.90","5.48","2.18","0.96","81"
"2016-12-27","49.19","26.77","13.95","5.56","2.72","1.81","91"
"2016-12-20","45.19","26.65","17.57","6.02","2.69","1.89","100"
"2016-12-13","45.78","24.39","16.93","7.87","3.03","1.99","104"
"2016-12-06","45.17","24.44","16.41","8.67","3.31","1.99","106"
"2016-11-29","43.69","24.86","14.85","7.94","5.98","2.68","116"
"2016-11-22","45.00","23.86","14.07","8.81","5.54","2.73","114"
"2016-11-15","48.01","21.86","15.69","8.04","4.04","2.36","105"
"2016-11-08","51.09","21.56","15.97","6.42","3.06","1.91","95"
"2016-11-01","52.28","20.92","15.84","6.09","3.15","1.71","92"
"2016-10-25","55.68","20.41","13.67","6.17","2.54","1.54","84"
"2016-10-18","55.61","22.28","12.44","5.79","2.57","1.31","81"
"2016-10-11","55.39","24.48","11.45","5.22","2.20","1.26","78"
"2016-10-04","56.19","24.38","11.07","5.22","1.97","1.17","76"
"2016-09-27","53.60","27.44","10.86","4.90","2.04","1.16","78"
"2016-09-20","54.97","26.22","11.06","4.82","1.83","1.11","76"
"2016-09-13","55.80","25.86","10.62","4.86","1.76","1.11","74"
"2016-09-06","55.82","25.09","11.74","4.62","1.62","1.11","74"
"2016-08-30","54.92","25.57","12.25","4.56","1.60","1.11","76"
"2016-08-23","54.63","25.96","12.00","4.71","1.60","1.11","76"
"2016-08-16","52.72","27.42","12.15","4.80","1.80","1.11","79"
"2016-08-09","48.33","29.88","13.59","5.37","1.72","1.11","86"
"2016-08-02","49.86","29.03","13.84","4.39","1.78","1.11","83"
"2016-07-26","49.07","30.19","13.62","4.21","1.81","1.11","83"
"2016-07-19","52.34","28.87","12.01","3.93","1.75","1.11","77"
"2016-07-12","55.60","26.72","11.49","3.62","1.46","1.11","72"
"2016-07-05","55.76","26.47","11.74","3.52","1.40","1.11","72"
"2016-06-28","56.61","27.21","10.75","3.07","1.25","1.11","68"
"2016-06-21","58.77","26.43","9.75","2.79","1.15","1.11","64"
"2016-06-14","60.89","25.33","9.01","2.50","1.15","1.11","61"
"2016-06-07","65.17","21.59","8.76","2.03","1.34","1.11","56"
"2016-05-31","68.18","19.09","8.55","1.72","1.35","1.11","52"
"2016-05-24","68.84","17.55","9.28","1.87","1.35","1.11","53"
"2016-05-17","71.03","15.10","9.09","2.33","1.35","1.11","51"
"2016-05-10","69.58","15.83","9.30","1.92","2.26","1.11","55"
"2016-05-03","66.10","19.34","9.09","2.03","2.33","1.11","58"
"2016-04-26","60.36","24.26","9.49","2.46","2.33","1.11","65"
"2016-04-19","60.72","23.84","9.50","2.51","2.33","1.11","65"
"2016-04-12","60.80","21.46","11.64","2.35","2.05","1.71","69"
"2016-04-05","62.13","21.16","10.76","2.19","2.05","1.71","66"
"2016-03-29","61.10","23.81","9.24","2.09","1.89","1.87","65"
"2016-03-22","65.25","20.46","8.22","2.31","1.89","1.87","61"
"2016-03-15","66.50","21.08","5.96","2.70","1.89","1.87","58"
"2016-03-08","64.59","22.99","5.01","3.36","1.86","2.19","61"
"2016-03-01","68.02","17.67","6.54","3.72","1.86","2.19","60"
"2016-02-23","70.10","15.29","6.85","3.72","1.86","2.19","59"
"2016-02-16","67.75","17.20","7.32","3.65","1.89","2.19","61"
"2016-02-09","70.81","14.22","7.12","3.59","2.06","2.19","58"
"2016-02-02","71.08","13.44","7.05","3.82","2.36","2.25","60"
"2016-01-26","71.99","12.53","6.96","3.90","2.32","2.29","59"
"2016-01-19","71.24","12.40","7.85","3.68","2.42","2.42","61"
"2016-01-12","70.46","12.26","7.30","4.82","2.58","2.59","65"
"2016-01-05","68.57","13.04","8.36","4.87","2.46","2.70","68"
"2015-12-29","66.99","14.27","7.18","5.28","3.58","2.70","72"
"2015-12-22","66.22","14.45","6.67","6.06","3.89","2.70","75"
"2015-12-15","65.42","14.97","6.49","6.53","3.89","2.70","77"
"2015-12-08","64.85","14.99","5.82","6.37","5.27","2.70","80"
"2015-12-01","63.26","16.16","5.90","6.34","5.64","2.70","83"
"2015-11-24","61.55","16.54","7.07","6.41","5.72","2.70","86"
"2015-11-17","56.39","20.82","7.90","6.42","5.76","2.70","92"
"2015-11-10","54.90","19.92","9.94","6.78","5.76","2.70","97"
"2015-11-03","51.85","21.99","10.71","6.62","6.12","2.72","101"
"2015-10-27","46.24","23.49","13.05","6.87","7.34","3.00","115"
"2015-10-20","41.03","24.19","11.55","8.81","10.66","3.76","135"
"2015-10-13","46.61","20.76","10.11","9.27","9.98","3.27","125"
"2015-10-06","48.99","19.43","10.13","9.43","8.97","3.06","119"
"2015-09-29","44.91","23.73","11.27","8.64","8.44","3.00","121"
"2015-09-22","45.19","23.34","11.68","8.44","8.34","3.00","120"
"2015-09-15","48.45","20.02","11.95","8.41","8.17","3.00","117"
"2015-09-08","49.63","18.70","12.05","8.70","7.92","3.00","116"
"2015-09-01","54.21","15.36","11.71","8.01","7.71","3.00","109"
"2015-08-25","55.04","15.48","11.41","7.11","7.96","3.00","106"
"2015-08-18","54.76","15.83","11.20","8.80","6.40","3.00","105"
"2015-08-11","56.13","14.94","11.06","8.69","6.18","3.00","103"
"2015-08-04","57.72","15.15","9.69","8.65","5.97","2.83","99"
"2015-07-28","61.11","13.18","8.54","8.37","5.97","2.83","93"
"2015-07-21","64.02","9.92","9.32","9.26","4.65","2.83","89"
"2015-07-14","64.79","9.24","8.48","10.01","4.65","2.83","89"
"2015-07-07","63.45","10.61","8.78","9.68","4.61","2.86","90"
"2015-06-30","61.47","12.65","10.34","8.78","3.89","2.86","90"
"2015-06-23","59.88","14.99","10.82","7.55","3.89","2.86","89"
"2015-06-16","60.39","14.95","11.03","6.86","3.89","2.86","87"
"2015-06-09","59.93","16.78","9.58","6.80","3.84","3.07","87"
"2015-06-02","56.75","18.68","10.38","7.09","3.96","3.13","92"
"2015-05-26","49.27","24.38","12.15","7.26","3.80","3.13","101"
"2015-05-19","47.81","20.66","16.37","8.23","3.80","3.14","109"
"2015-05-12","44.16","21.23","16.93","10.49","4.05","3.14","118"
"2015-05-05","44.24","17.97","17.43","12.50","4.47","3.39","125"
"2015-04-28","46.75","15.83","17.38","11.93","4.69","3.41","122"
"2015-04-21","46.62","16.25","18.16","10.39","5.02","3.55","122"
"2015-04-14","41.23","21.30","18.33","10.05","5.54","3.55","128"
"2015-04-07","40.21","22.87","17.76","10.03","5.52","3.62","129"
"2015-03-31","41.42","21.73","18.24","9.63","5.63","3.34","126"
"2015-03-24","44.60","20.83","17.60","8.17","5.47","3.34","119"
"2015-03-17","46.04","19.22","18.49","7.63","5.45","3.17","117"
"2015-03-10","47.36","21.04","15.87","7.34","5.22","3.17","112"
"2015-03-03","47.48","20.63","16.22","7.22","5.23","3.21","112"
"2015-02-24","45.89","21.28","16.41","7.61","5.51","3.30","115"
"2015-02-17","45.25","22.62","15.68","7.84","5.23","3.37","115"
"2015-02-10","47.51","23.48","12.82","7.69","5.22","3.27","109"
"2015-02-03","50.34","21.21","12.40","7.18","5.74","3.12","106"
"2015-01-27","48.28","23.13","11.76","7.88","5.81","3.15","109"
"2015-01-20","53.60","18.22","11.21","8.09","5.97","2.91","103"
"2015-01-13","55.38","16.65","11.31","7.80","5.96","2.89","101"
"2015-01-06","55.85","16.05","11.34","7.92","6.36","2.48","100"
"2014-12-30","53.20","18.12","11.75","7.97","6.42","2.54","104"
"2014-12-23","49.78","20.25","12.78","8.34","6.32","2.53","109"
"2014-12-16","50.28","19.67","12.78","8.43","6.36","2.49","108"
"2014-12-09","51.32","18.84","12.75","8.15","5.25","3.69","108"
"2014-12-02","52.23","18.64","12.24","8.09","5.13","3.68","106"
"2014-11-25","52.73","18.37","12.10","8.09","5.04","3.68","105"
"2014-11-18","52.78","17.77","12.32","8.31","5.03","3.79","106"
"2014-11-11","53.21","17.20","12.32","8.45","5.03","3.79","106"
"2014-11-04","54.74","15.41","12.16","8.79","5.11","3.81","106"
"2014-10-28","56.52","13.87","11.59","8.85","5.18","3.99","104"
"2014-10-21","56.16","14.04","11.76","8.95","5.21","3.87","105"
"2014-10-14","55.59","14.62","11.65","8.83","5.43","3.87","105"
"2014-10-07","53.03","16.45","11.85","9.20","5.58","3.87","109"
"2014-09-30","52.22","17.21","11.90","9.25","5.56","3.85","110"
"2014-09-23","54.53","14.85","12.23","9.13","5.54","3.72","107"
"2014-09-16","54.91","13.98","11.16","10.63","5.60","3.72","109"
"2014-09-09","53.90","14.83","10.95","10.84","5.77","3.70","111"
"2014-09-02","53.16","14.05","11.86","11.02","6.11","3.80","114"
"2014-08-26","52.23","13.90","12.31","11.47","6.28","3.80","117"
"2014-08-19","51.93","14.51","11.94","11.50","6.31","3.80","117"
"2014-08-12","52.81","13.58","11.58","11.80","6.44","3.79","117"
"2014-08-05","52.44","13.62","11.75","12.00","6.35","3.84","118"
"2014-07-29","52.49","13.45","11.29","12.17","6.70","3.90","119"
"2014-07-22","53.80","12.57","9.76","12.60","8.46","2.79","118"
"2014-07-15","54.61","11.23","10.04","12.25","9.01","2.86","118"
"2014-07-08","54.52","11.22","9.30","12.93","9.08","2.94","120"
"2014-07-01","55.57","10.42","9.01","13.03","9.00","2.98","118"
"2014-06-24","54.67","10.30","10.21","13.59","8.32","2.91","119"
"2014-06-17","54.73","9.72","10.11","13.81","8.49","3.14","121"
"2014-06-10","53.91","9.95","10.18","13.80","9.50","2.68","123"
"2014-06-03","52.14","10.54","10.05","14.04","10.22","3.02","129"
"2014-05-27","52.12","9.95","10.20","14.08","10.30","3.35","131"
"2014-05-20","52.36","9.51","9.83","13.83","9.48","4.99","134"
"2014-05-13","51.20","10.72","10.04","14.04","9.54","4.46","133"
"2014-05-06","49.33","10.61","11.72","13.85","10.04","4.45","138"
"2014-04-29","51.18","10.39","11.67","13.99","8.89","3.88","131"
"2014-04-22","49.83","11.74","12.23","14.72","8.22","3.26","130"
"2014-04-15","51.54","10.58","12.68","15.10","7.28","2.83","125"
"2014-04-08","50.29","11.72","13.76","14.35","7.35","2.53","124"
"2014-04-01","47.11","14.51","14.25","14.32","7.62","2.18","127"
"2014-03-25","48.02","13.71","15.18","13.39","7.61","2.09","125"
"2014-03-18","48.53","13.99","15.21","13.80","6.82","1.64","121"
"2014-03-11","47.91","16.35","14.03","14.01","6.04","1.66","119"
"2014-03-04","46.53","17.61","14.29","14.16","5.83","1.57","120"
"2014-02-25","45.89","18.03","14.54","13.89","5.89","1.76","121"
"2014-02-18","46.79","17.47","14.48","14.00","6.12","1.14","119"
"2014-02-11","44.53","17.86","16.19","14.55","5.98","0.88","122"
"2014-02-04","43.45","19.16","16.55","13.47","6.48","0.88","123"
"2014-01-28","43.74","19.76","15.73","13.53","6.40","0.83","122"
"2014-01-21","46.63","18.94","15.40","12.62","6.04","0.37","114"
"2014-01-14","47.43","18.18","15.36","12.62","6.04","0.37","113"
"2014-01-07","46.64","20.14","16.10","12.98","3.76","0.37","108"
"2013-12-31","48.24","20.81","14.27","12.72","3.58","0.37","104"
"2013-12-24","46.35","22.54","14.46","12.65","3.62","0.37","106"
"2013-12-17","43.41","25.09","14.87","12.73","3.49","0.41","109"
"2013-12-10","44.51","25.20","13.91","12.56","3.42","0.39","106"
"2013-12-03","44.56","24.86","14.09","12.68","3.43","0.39","107"
"2013-11-26","43.82","25.60","14.08","12.69","3.42","0.39","107"
"2013-11-19","41.21","26.33","15.14","13.40","3.54","0.37","113"
"2013-11-12","43.98","24.26","14.50","14.29","2.64","0.33","108"
"2013-11-05","44.88","22.88","14.79","14.52","2.59","0.34","108"
"2013-10-29","44.13","21.17","16.63","15.24","2.52","0.30","112"
"2013-10-22","45.04","19.96","16.88","15.30","2.52","0.30","111"
"2013-10-15","45.24","18.05","18.59","15.37","2.46","0.29","113"
"2013-10-08","42.23","19.18","18.99","16.69","2.62","0.29","119"
"2013-10-01","39.57","19.22","20.51","17.64","2.77","0.29","126"
"2013-09-24","38.05","16.48","20.13","21.00","4.02","0.31","137"
"2013-09-17","35.90","15.91","19.84","21.51","6.42","0.43","148"
"2013-09-10","36.25","13.06","17.41","23.13","8.90","1.25","159"
"2013-09-03","38.28","11.62","17.70","22.54","8.61","1.25","155"
"2013-08-27","37.65","12.31","16.67","22.84","9.22","1.32","158"
"2013-08-20","40.02","14.36","13.39","21.69","9.22","1.32","150"
"2013-08-13","42.70","12.04","13.68","19.81","9.74","2.03","148"
"2013-08-06","42.60","11.90","13.18","20.34","9.21","2.77","150"
"2013-07-30","42.76","11.59","13.20","20.64","8.64","3.17","150"
"2013-07-23","41.70","11.75","13.18","20.84","8.71","3.83","155"
"2013-07-16","45.60","8.26","11.85","20.94","8.99","4.34","152"
"2013-07-09","47.62","7.53","11.25","19.77","9.17","4.67","149"
"2013-07-02","49.11","6.83","11.11","19.38","8.89","4.68","146"
"2013-06-25","48.67","7.49","11.80","18.90","8.77","4.37","145"
"2013-06-18","46.73","8.49","14.74","17.43","8.23","4.38","145"
"2013-06-11","46.93","8.94","15.69","17.08","6.68","4.69","142"
"2013-06-04","45.01","10.88","15.62","17.06","6.65","4.79","144"
"2013-05-28","43.12","12.53","14.78","17.82","7.00","4.75","147"
"2013-05-21","39.06","14.87","14.92","18.52","7.70","4.94","156"
"2013-05-14","38.27","14.06","15.36","18.66","9.24","4.40","160"
"2013-05-07","37.58","14.36","15.18","18.76","9.74","4.38","162"
"2013-04-30","39.88","13.22","14.17","18.77","10.56","3.40","157"
"2013-04-23","39.79","12.86","15.59","17.03","12.13","2.59","157"
"2013-04-16","38.32","13.86","15.72","17.53","11.99","2.58","159"
"2013-04-09","35.35","13.82","15.70","18.42","13.33","3.38","171"
"2013-04-02","33.29","14.79","16.61","18.17","11.93","5.20","176"
"2013-03-26","34.96","13.40","16.45","18.34","11.75","5.10","174"
"2013-03-19","34.76","13.38","16.41","18.60","11.45","5.40","175"
"2013-03-12","36.33","12.29","16.45","18.43","11.22","5.28","172"
"2013-03-05","34.33","12.33","16.90","19.40","11.59","5.45","178"
"2013-02-26","33.62","12.21","17.82","19.39","11.51","5.45","179"
"2013-02-19","33.15","11.03","18.40","18.75","12.00","6.66","185"
"2013-02-12","34.11","10.16","17.99","20.03","11.10","6.61","184"
"2013-02-05","32.03","11.13","16.71","21.03","12.25","6.85","191"
"2013-01-29","30.27","12.05","17.07","21.26","12.98","6.37","194"
"2013-01-22","30.22","12.14","17.58","20.76","12.95","6.36","193"
"2013-01-15","29.85","11.28","18.58","20.91","13.08","6.31","195"
"2013-01-08","28.26","11.48","18.55","20.91","14.10","6.70","201"
"2013-01-01","27.22","11.68","19.04","20.74","14.56","6.75","204"
"2012-12-25","26.15","12.02","19.37","20.86","14.87","6.73","206"
"2012-12-18","26.21","12.00","19.28","20.84","15.04","6.64","206"
"2012-12-11","26.12","12.00","19.29","21.52","14.58","6.49","206"
"2012-12-04","23.84","13.79","20.15","21.59","14.13","6.49","208"
"2012-11-27","24.02","13.32","21.11","21.42","13.73","6.39","207"
"2012-11-20","26.22","13.68","22.25","18.80","12.78","6.27","197"
"2012-11-13","27.55","13.62","22.86","17.68","12.29","6.01","192"
"2012-11-06","27.47","13.04","21.43","18.70","13.18","6.18","196"
"2012-10-30","27.11","12.72","21.89","19.23","13.16","5.88","196"
"2012-10-23","25.64","12.56","23.16","19.12","13.68","5.84","200"
"2012-10-16","25.01","12.59","23.56","19.75","13.24","5.84","201"
"2012-10-09","23.27","13.18","23.64","19.76","13.97","6.18","207"
"2012-10-02","24.10","11.31","24.52","19.95","14.05","6.07","207"
"2012-09-25","23.40","11.14","23.33","20.64","15.36","6.12","212"
"2012-09-18","21.84","13.33","23.75","20.32","14.78","5.96","211"
"2012-09-11","21.47","14.37","22.35","20.72","14.86","6.23","212"
"2012-09-04","22.53","14.07","20.92","21.03","15.30","6.14","211"
"2012-08-28","22.31","14.80","20.55","19.17","17.14","6.04","212"
"2012-08-21","22.72","14.08","19.16","21.03","16.70","6.31","214"
"2012-08-14","22.32","15.90","16.23","21.87","17.41","6.26","215"
"2012-08-07","21.86","15.68","16.45","21.88","19.93","4.21","215"
"2012-07-31","20.62","16.47","17.34","23.31","19.26","3.01","213"
"2012-07-24","19.92","16.22","18.29","25.00","18.19","2.38","212"
"2012-07-17","19.24","17.21","21.30","28.71","12.54","0.99","201"
"2012-07-10","20.01","19.15","23.65","25.58","10.87","0.74","190"
"2012-07-03","23.67","20.37","21.71","23.93","9.72","0.60","177"
"2012-06-26","27.98","20.89","20.40","22.19","8.13","0.41","163"
"2012-06-19","31.21","22.07","22.45","19.08","4.90","0.29","145"
"2012-06-12","37.47","22.85","20.53","15.22","3.64","0.29","126"
"2012-06-05","36.01","25.40","19.68","14.32","4.00","0.60","127"
"2012-05-29","35.98","26.65","18.43","13.72","4.57","0.66","126"
"2012-05-22","37.68","27.02","15.84","13.51","4.99","0.95","124"
"2012-05-15","45.21","21.16","15.25","12.68","4.69","1.02","114"
"2012-05-08","43.89","20.24","16.23","12.87","5.16","1.61","120"
"2012-05-01","40.68","21.15","17.77","13.48","5.00","1.93","127"
"2012-04-24","40.58","22.35","17.12","13.30","4.79","1.86","125"
"2012-04-17","40.56","22.51","17.34","13.03","4.68","1.89","124"
"2012-04-10","39.13","22.54","18.22","13.39","4.68","2.05","128"
"2012-04-03","39.87","23.36","17.12","12.99","4.73","1.92","125"
"2012-03-27","43.57","20.51","16.52","12.68","4.57","2.15","121"
"2012-03-20","43.92","17.77","19.12","12.32","4.67","2.21","123"
"2012-03-13","41.76","18.47","18.91","13.57","4.88","2.41","129"
"2012-03-06","42.81","18.17","19.72","12.05","4.81","2.44","125"
"2012-02-28","42.48","18.87","19.16","11.86","5.14","2.50","126"
"2012-02-21","42.76","19.31","20.58","9.70","5.22","2.43","123"
"2012-02-14","42.67","19.51","19.84","8.66","6.10","3.22","126"
"2012-02-07","42.98","19.16","19.86","8.84","6.03","3.14","125"
"2012-01-31","41.84","20.29","19.46","8.81","6.41","3.19","127"
"2012-01-24","41.80","21.99","17.77","8.64","7.05","2.74","125"
"2012-01-17","43.06","24.42","13.76","8.55","7.44","2.77","121"
"2012-01-10","46.29","21.15","13.73","9.07","7.13","2.63","117"
"2012-01-03","50.41","17.69","13.07","8.65","6.86","3.32","114"
"2011-12-27","50.89","20.61","9.54","8.94","6.71","3.31","110"
"2011-12-20","57.25","15.21","8.17","8.20","6.79","4.38","105"
"2011-12-13","57.13","14.82","7.20","7.98","8.28","4.59","109"
"2011-12-06","59.28","12.55","7.13","7.23","9.02","4.80","109"
"2011-11-29","58.96","11.70","7.45","6.93","8.98","5.98","113"
"2011-11-22","56.96","11.86","7.98","6.70","8.39","8.11","122"
"2011-11-15","56.09","12.03","7.90","6.77","8.51","8.70","126"
"2011-11-08","55.82","11.02","9.17","6.49","8.73","8.78","128"
"2011-11-01","56.97","10.47","8.21","6.62","8.87","8.86","127"
"2011-10-25","58.95","10.79","6.31","6.69","7.71","9.55","122"
"2011-10-18","59.33","10.84","6.15","6.25","7.52","9.91","122"
"2011-10-11","57.83","11.70","6.62","6.73","7.36","9.76","123"
"2011-10-04","55.13","14.87","6.23","5.77","6.30","11.69","128"
"2011-09-27","56.45","14.42","5.69","5.64","6.43","11.37","125"
"2011-09-20","57.22","12.32","6.82","5.66","6.64","11.34","126"
"2011-09-13","55.36","13.78","6.76","5.56","6.79","11.75","130"
"2011-09-06","56.53","13.47","6.63","5.32","6.85","11.20","126"
"2011-08-30","54.07","13.10","8.09","6.48","7.06","11.21","133"
"2011-08-23","54.81","14.24","7.52","6.19","6.10","11.14","128"
"2011-08-16","55.14","13.86","7.57","6.06","6.54","10.83","127"
"2011-08-09","55.01","12.13","8.12","6.26","7.01","11.47","133"
"2011-08-02","54.99","12.66","7.16","6.89","7.36","10.92","132"
"2011-07-26","59.11","11.39","5.64","5.67","7.14","11.05","123"
"2011-07-19","62.80","8.79","5.19","5.19","7.13","10.90","118"
"2011-07-12","64.33","6.97","5.01","5.02","6.71","11.96","119"
"2011-07-05","62.63","8.09","5.70","4.97","6.85","11.77","121"
"2011-06-28","63.03","8.89","4.80","4.91","6.44","11.94","119"
"2011-06-21","67.29","5.42","4.93","4.36","6.15","11.84","112"
"2011-06-14","66.95","5.93","5.33","5.37","7.39","9.03","107"
"2011-06-07","67.68","5.55","5.45","5.58","7.93","7.80","104"
"2011-05-31","68.95","5.49","4.87","6.01","8.43","6.26","98"
"2011-05-24","68.68","5.86","5.21","6.80","7.84","5.62","96"
"2011-05-17","67.69","5.96","5.67","7.50","7.14","6.04","99"
"2011-05-10","66.20","7.38","5.89","8.05","6.54","5.94","99"
"2011-05-03","66.23","7.38","7.14","7.60","8.54","3.12","94"
"2011-04-26","65.70","7.71","8.09","7.64","9.20","1.66","92"
"2011-04-19","63.30","9.30","8.42","9.12","8.45","1.42","94"
"2011-04-12","62.58","8.94","10.17","9.31","8.06","0.93","94"
"2011-04-05","62.46","8.79","10.58","9.42","8.32","0.42","94"
"2011-03-29","61.76","10.10","9.92","11.81","6.41","0.00","91"
"2011-03-22","60.69","11.98","12.42","10.14","4.77","0.00","86"
"2011-03-15","60.90","13.18","12.88","9.69","3.35","0.00","81"
"2011-03-08","59.25","13.27","14.91","9.88","2.68","0.00","83"
"2011-03-01","57.03","15.05","15.45","10.16","2.30","0.00","86"
"2011-02-22","56.18","15.60","16.79","9.36","2.07","0.00","86"
"2011-02-15","55.19","19.86","15.34","8.17","1.43","0.00","81"
"2011-02-08","56.64","19.08","14.63","8.21","1.43","0.00","79"
"2011-02-01","57.46","18.44","13.53","8.97","1.61","0.00","79"
"2011-01-25","58.19","17.78","15.08","6.88","2.07","0.00","77"
"2011-01-18","59.28","17.78","14.98","5.78","2.18","0.00","74"
"2011-01-11","60.58","16.28","15.49","5.28","2.37","0.00","73"
"2011-01-04","60.50","17.76","13.24","5.90","2.60","0.00","72"
"2010-12-28","59.06","17.20","14.69","6.70","2.36","0.00","76"
"2010-12-21","58.48","18.18","14.95","6.43","1.95","0.00","75"
"2010-12-14","57.66","22.54","12.64","5.74","1.41","0.00","71"
"2010-12-07","57.37","24.82","10.84","5.67","1.29","0.00","69"
"2010-11-30","60.26","23.06","10.64","5.25","0.78","0.00","63"
"2010-11-23","61.01","21.88","10.70","5.25","1.16","0.00","64"
"2010-11-16","60.02","23.45","10.54","4.73","1.26","0.00","64"
"2010-11-09","61.47","22.02","10.08","5.07","1.37","0.00","63"
"2010-11-02","61.29","22.93","9.31","5.13","1.34","0.00","62"
"2010-10-26","63.67","21.08","9.33","4.73","1.19","0.00","59"
"2010-10-19","59.79","25.37","9.23","4.54","1.08","0.00","62"
"2010-10-12","61.68","25.81","8.31","3.68","0.52","0.00","56"
"2010-10-05","63.64","24.64","9.01","2.39","0.32","0.00","51"
"2010-09-28","60.05","26.79","10.07","2.79","0.30","0.00","57"
"2010-09-21","63.94","23.85","9.28","2.63","0.30","0.00","52"
"2010-09-14","67.96","21.74","8.07","2.00","0.22","0.00","45"
"2010-09-07","70.31","20.51","7.34","1.61","0.22","0.00","41"
"2010-08-31","68.42","22.03","8.06","1.34","0.14","0.00","43"
"2010-08-24","73.99","17.99","6.57","1.29","0.14","0.00","36"
"2010-08-17","72.40","19.14","6.80","1.52","0.14","0.00","38"
"2010-08-10","74.69","16.98","6.39","1.64","0.30","0.00","36"
"2010-08-03","75.51","16.31","6.21","1.67","0.30","0.00","35"
"2010-07-27","74.30","16.75","7.11","1.56","0.28","0.00","37"
"2010-07-20","72.90","18.84","6.88","1.13","0.25","0.00","37"
"2010-07-13","74.83","17.33","6.50","1.08","0.25","0.00","35"
"2010-07-06","75.20","17.06","6.36","1.13","0.25","0.00","34"
"2010-06-29","75.24","16.30","6.61","1.46","0.39","0.00","35"
"2010-06-22","74.98","16.14","6.85","1.56","0.48","0.00","36"
"2010-06-15","78.65","12.75","6.33","1.79","0.48","0.00","33"
"2010-06-08","78.36","12.60","6.07","2.49","0.48","0.00","34"
"2010-06-01","72.88","17.31","6.56","2.77","0.48","0.00","41"
"2010-05-25","76.25","14.48","6.79","2.30","0.18","0.00","36"
"2010-05-18","74.13","15.54","7.59","2.71","0.03","0.00","39"
"2010-05-11","69.21","19.44","8.73","2.62","0.00","0.00","45"
"2010-05-04","68.58","20.56","8.25","2.62","0.00","0.00","45"
"2010-04-27","66.92","22.42","8.04","2.62","0.00","0.00","46"
"2010-04-20","68.45","21.44","7.90","2.21","0.00","0.00","44"
"2010-04-13","68.14","22.73","7.15","1.98","0.00","0.00","43"
"2010-04-06","71.57","19.34","7.10","2.00","0.00","0.00","40"
"2010-03-30","73.22","17.77","7.01","2.00","0.00","0.00","38"
"2010-03-23","73.01","17.57","7.22","2.21","0.00","0.00","39"
"2010-03-16","72.23","18.46","7.02","2.29","0.00","0.00","39"
"2010-03-09","70.37","20.04","7.27","2.32","0.00","0.00","42"
"2010-03-02","72.32","18.85","7.27","1.56","0.00","0.00","38"
"2010-02-23","71.85","19.11","7.44","1.59","0.00","0.00","39"
"2010-02-16","71.44","19.75","7.32","1.48","0.00","0.00","39"
"2010-02-09","72.72","19.50","6.42","1.36","0.00","0.00","36"
"2010-02-02","72.78","18.76","7.07","1.39","0.00","0.00","37"
"2010-01-26","71.95","18.90","7.55","1.47","0.13","0.00","39"
"2010-01-19","69.14","17.22","7.95","5.33","0.36","0.00","51"
"2010-01-12","68.84","17.36","7.67","5.76","0.36","0.00","51"
"2010-01-05","72.07","14.69","9.02","4.03","0.19","0.00","46"
"2009-12-29","72.07","15.52","8.17","4.05","0.19","0.00","45"
"2009-12-22","72.80","14.69","8.27","4.05","0.19","0.00","44"
"2009-12-15","72.64","14.77","8.15","4.25","0.19","0.00","45"
"2009-12-08","72.88","14.23","7.67","4.83","0.40","0.00","46"
"2009-12-01","72.91","13.97","7.89","4.75","0.47","0.00","46"
"2009-11-24","72.89","13.95","7.87","4.76","0.47","0.06","46"
"2009-11-17","75.19","12.16","7.86","4.40","0.30","0.08","43"
"2009-11-10","73.98","13.03","8.48","4.13","0.30","0.08","44"
"2009-11-03","74.71","12.59","8.17","4.07","0.39","0.08","43"
"2009-10-27","73.04","15.03","7.32","4.15","0.39","0.08","44"
"2009-10-20","69.49","17.70","7.49","4.64","0.56","0.13","49"
"2009-10-13","67.25","18.56","7.32","6.25","0.50","0.13","55"
"2009-10-06","66.07","19.35","8.90","4.94","0.61","0.13","55"
"2009-09-29","63.99","21.03","8.80","4.88","1.02","0.28","59"
"2009-09-22","66.72","18.04","9.07","4.61","1.23","0.33","57"
"2009-09-15","67.46","17.90","9.10","4.15","1.10","0.30","54"
"2009-09-08","65.66","19.35","9.20","3.60","0.78","1.42","59"
"2009-09-01","67.78","18.04","8.23","3.62","0.80","1.53","56"
"2009-08-25","68.13","17.74","8.11","3.68","0.67","1.66","56"
"2009-08-18","66.75","20.70","6.10","3.88","0.97","1.60","56"
"2009-08-11","65.11","22.45","6.04","3.84","1.08","1.48","58"
"2009-08-04","65.53","21.51","6.20","4.20","1.08","1.48","58"
"2009-07-28","64.89","21.27","7.03","4.64","0.53","1.65","60"
"2009-07-21","62.35","23.14","7.69","4.65","0.72","1.45","63"
"2009-07-14","63.78","21.10","8.71","4.23","0.60","1.58","62"
"2009-07-07","65.49","20.46","7.90","4.18","0.73","1.24","58"
"2009-06-30","67.30","19.30","7.89","3.75","0.79","0.98","54"
"2009-06-23","68.73","18.24","7.63","4.03","0.64","0.72","52"
"2009-06-16","65.73","20.57","7.76","4.48","0.78","0.67","56"
"2009-06-09","65.46","20.13","8.26","4.61","0.87","0.67","57"
"2009-06-02","66.36","19.35","8.23","4.60","0.89","0.57","56"
"2009-05-26","69.36","16.12","8.84","4.14","0.94","0.59","53"
"2009-05-19","66.28","16.62","9.90","5.31","1.15","0.75","61"
"2009-05-12","65.13","17.76","9.62","4.85","1.33","1.31","63"
"2009-05-05","60.91","21.84","9.87","5.26","1.26","0.86","67"
"2009-04-28","54.75","26.97","10.22","6.01","1.19","0.86","75"
"2009-04-21","56.22","24.45","10.39","6.79","1.16","0.99","75"
"2009-04-14","54.59","24.62","11.45","7.06","1.27","1.01","79"
"2009-04-07","53.44","24.15","13.00","7.24","1.55","0.62","81"
"2009-03-31","49.46","25.81","16.74","5.81","1.55","0.62","86"
"2009-03-24","42.79","30.62","18.51","6.18","1.28","0.62","94"
"2009-03-17","45.88","29.63","16.67","5.92","1.27","0.62","89"
"2009-03-10","45.64","28.64","18.07","5.51","1.28","0.85","91"
"2009-03-03","47.07","27.24","16.99","6.41","1.45","0.85","91"
"2009-02-24","50.36","25.63","15.02","6.27","1.96","0.75","86"
"2009-02-17","50.61","28.29","11.82","6.47","2.06","0.75","83"
"2009-02-10","49.87","28.17","12.37","6.72","2.21","0.67","85"
"2009-02-03","56.21","22.04","12.27","6.60","2.29","0.59","78"
"2009-01-27","54.95","23.98","12.65","5.97","2.09","0.37","77"
"2009-01-20","58.57","22.13","12.41","4.63","1.89","0.37","70"
"2009-01-13","58.24","22.33","12.97","4.83","1.27","0.37","70"
"2009-01-06","57.71","23.09","13.27","4.72","0.84","0.37","69"
"2008-12-30","58.20","22.60","13.02","4.94","0.87","0.37","69"
"2008-12-23","54.32","25.33","13.66","5.33","0.99","0.37","74"
"2008-12-16","53.07","26.06","13.67","5.62","1.20","0.37","77"
"2008-12-09","52.70","25.53","13.18","6.38","1.45","0.77","81"
"2008-12-02","51.76","26.62","13.71","5.80","1.49","0.62","80"
"2008-11-25","54.88","23.73","13.15","6.18","1.55","0.51","77"
"2008-11-18","56.16","22.92","12.77","6.38","1.33","0.44","75"
"2008-11-11","57.63","21.26","12.52","6.73","1.42","0.44","74"
"2008-11-04","56.16","22.17","13.02","6.78","1.67","0.19","76"
"2008-10-28","58.34","20.07","12.20","7.69","1.58","0.12","74"
"2008-10-21","56.46","21.12","12.95","7.73","1.61","0.12","77"
"2008-10-14","58.10","20.78","12.11","7.28","1.61","0.12","74"
"2008-10-07","54.73","22.12","14.13","7.28","1.56","0.18","79"
"2008-09-30","54.10","22.35","14.66","7.05","1.66","0.18","80"
"2008-09-23","55.92","21.24","14.75","6.58","1.33","0.18","77"
"2008-09-16","54.58","23.56","14.34","6.14","1.23","0.14","76"
"2008-09-09","51.86","25.45","14.83","6.43","1.29","0.14","80"
"2008-09-02","47.98","28.11","15.74","6.60","1.42","0.14","86"
"2008-08-26","46.89","29.95","13.99","7.26","1.77","0.14","87"
"2008-08-19","48.87","25.94","13.62","8.50","2.31","0.77","92"
"2008-08-12","48.29","24.47","14.40","8.42","3.47","0.96","97"
"2008-08-05","46.84","24.96","15.22","8.64","3.38","0.96","100"
"2008-07-29","48.92","22.96","15.51","8.24","3.40","0.96","97"
"2008-07-22","47.66","24.92","16.48","6.95","2.77","1.22","96"
"2008-07-15","51.87","21.06","16.26","7.34","2.64","0.83","90"
"2008-07-08","51.86","20.59","15.66","7.73","3.27","0.88","93"
"2008-07-01","52.26","19.67","16.01","7.70","3.57","0.79","93"
"2008-06-24","51.81","18.84","17.51","7.29","4.13","0.41","94"
"2008-06-17","52.13","17.63","18.13","7.83","3.96","0.32","95"
"2008-06-10","52.10","24.20","14.28","7.06","2.35","0.00","83"
"2008-06-03","58.46","18.45","14.51","6.80","1.78","0.00","75"
"2008-05-27","60.00","18.47","13.41","6.48","1.64","0.00","71"
"2008-05-20","54.30","20.50","16.55","7.09","1.55","0.00","81"
"2008-05-13","53.82","21.62","15.94","6.53","2.09","0.00","81"
"2008-05-06","52.60","21.79","16.87","6.54","2.20","0.00","84"
"2008-04-29","52.03","20.68","16.79","8.01","2.19","0.29","89"
"2008-04-22","54.54","18.54","17.77","6.64","2.22","0.29","84"
"2008-04-15","54.53","18.69","17.17","7.26","2.06","0.29","85"
"2008-04-08","53.83","19.54","18.64","5.37","2.62","0.00","83"
"2008-04-01","52.47","19.17","18.64","6.88","2.85","0.00","88"
"2008-03-25","53.70","18.04","15.69","10.07","2.51","0.00","90"
"2008-03-18","53.38","16.98","16.03","10.96","2.54","0.11","93"
"2008-03-11","53.33","19.46","12.84","11.71","2.28","0.38","91"
"2008-03-04","51.91","19.63","13.20","11.98","2.38","0.89","96"
"2008-02-26","50.09","20.72","14.14","11.70","2.26","1.09","99"
"2008-02-19","46.56","23.72","14.40","11.28","1.97","2.06","105"
"2008-02-12","43.45","26.57","14.87","11.03","1.93","2.15","108"
"2008-02-05","44.05","24.70","15.85","11.32","1.92","2.15","109"
"2008-01-29","43.59","24.84","15.38","11.80","2.11","2.29","111"
"2008-01-22","44.20","21.32","16.60","13.73","1.98","2.18","115"
"2008-01-15","42.31","22.00","16.50","14.75","2.26","2.18","119"
"2008-01-08","43.59","21.00","17.16","13.54","2.20","2.51","117"
"2008-01-01","45.42","19.62","14.57","14.64","3.37","2.38","118"
"2007-12-25","46.38","19.09","13.76","14.37","2.66","3.75","119"
"2007-12-18","46.38","18.94","13.81","14.45","2.67","3.75","119"
"2007-12-11","44.32","20.12","14.64","14.49","2.67","3.75","122"
"2007-12-04","41.44","22.23","15.65","14.53","2.91","3.24","125"
"2007-11-27","43.76","18.82","14.69","14.69","5.16","2.88","127"
"2007-11-20","39.56","23.47","14.55","14.36","5.13","2.93","131"
"2007-11-13","42.19","21.70","13.59","14.97","4.83","2.72","127"
"2007-11-06","46.66","17.78","12.56","15.00","5.54","2.47","122"
"2007-10-30","49.89","15.05","12.17","15.01","5.68","2.20","118"
"2007-10-23","45.22","15.93","12.46","15.79","6.62","3.97","135"
"2007-10-16","41.45","14.65","13.68","17.09","8.81","4.32","150"
"2007-10-09","40.88","15.38","13.76","17.60","8.86","3.53","149"
"2007-10-02","40.70","15.54","14.13","17.64","8.64","3.35","148"
"2007-09-25","41.29","14.76","13.93","18.22","9.53","2.28","147"
"2007-09-18","41.40","14.78","11.74","19.84","9.92","2.31","149"
"2007-09-11","40.41","15.14","12.34","19.80","9.49","2.82","151"
"2007-09-04","38.48","16.04","13.15","20.16","9.77","2.40","154"
"2007-08-28","38.05","16.21","12.60","20.33","10.03","2.78","156"
"2007-08-21","35.35","15.90","15.46","20.79","9.64","2.86","162"
"2007-08-14","34.79","17.05","15.31","22.84","7.68","2.34","159"
"2007-08-07","33.83","19.22","16.94","21.66","6.82","1.53","153"
"2007-07-31","35.94","17.94","17.37","21.96","6.12","0.66","146"
"2007-07-24","37.53","18.73","18.82","18.61","5.92","0.40","138"
"2007-07-17","40.64","17.03","22.59","13.42","5.80","0.51","128"
"2007-07-10","41.84","18.92","19.84","13.06","5.82","0.51","124"
"2007-07-03","46.17","19.30","16.02","11.43","6.32","0.77","115"
"2007-06-26","46.43","19.23","15.26","11.72","6.45","0.92","115"
"2007-06-19","47.46","18.48","15.00","11.51","6.34","1.20","114"
"2007-06-12","49.43","17.08","15.21","11.81","5.58","0.89","110"
"2007-06-05","48.65","17.57","16.83","10.48","6.09","0.38","109"
"2007-05-29","49.49","16.67","16.17","10.78","6.89","0.00","109"
"2007-05-22","50.97","15.23","16.42","10.73","6.65","0.00","107"
"2007-05-15","51.23","15.92","16.84","10.52","5.49","0.00","103"
"2007-05-08","53.45","14.95","17.04","9.45","5.12","0.00","98"
"2007-05-01","52.44","15.05","17.64","10.14","4.73","0.00","100"
"2007-04-24","52.47","15.83","17.83","9.83","4.04","0.00","97"
"2007-04-17","52.94","15.67","18.10","9.84","3.45","0.00","95"
"2007-04-10","50.14","18.06","20.56","8.23","3.01","0.00","96"
"2007-04-03","50.62","18.80","20.12","7.42","3.05","0.00","94"
"2007-03-27","44.74","22.31","18.94","9.33","4.68","0.00","107"
"2007-03-20","49.04","24.04","13.59","7.95","5.20","0.18","97"
"2007-03-13","50.19","23.39","13.29","7.65","5.29","0.18","95"
"2007-03-06","56.02","20.46","11.41","8.24","3.69","0.18","84"
"2007-02-27","54.70","20.10","11.84","8.74","4.44","0.18","89"
"2007-02-20","51.53","21.44","12.51","9.11","5.22","0.18","96"
"2007-02-13","53.25","20.64","11.46","9.03","5.40","0.22","93"
"2007-02-06","53.56","21.24","11.08","8.80","5.11","0.21","91"
"2007-01-30","56.32","18.10","11.85","8.41","5.11","0.21","89"
"2007-01-23","57.93","17.11","11.60","8.05","5.09","0.21","86"
"2007-01-16","54.23","20.79","11.91","7.06","5.70","0.31","90"
"2007-01-09","51.59","22.55","12.39","7.19","5.95","0.33","94"
"2007-01-02","50.01","24.36","13.01","6.69","5.60","0.33","95"
"2006-12-26","47.52","26.95","12.50","7.18","5.38","0.48","97"
"2006-12-19","46.13","27.35","12.81","7.51","5.59","0.61","101"
"2006-12-12","52.24","22.11","12.14","7.28","5.62","0.61","94"
"2006-12-05","53.72","21.15","12.00","6.99","5.97","0.17","91"
"2006-11-28","57.24","16.62","12.17","6.54","7.16","0.26","91"
"2006-11-21","56.51","17.40","12.59","7.12","6.22","0.17","90"
"2006-11-14","54.91","17.54","13.66","8.06","5.83","0.00","92"
"2006-11-07","56.23","16.48","13.41","8.19","5.70","0.00","91"
"2006-10-31","52.03","18.00","14.43","9.50","6.04","0.00","100"
"2006-10-24","49.86","18.58","14.97","10.48","6.11","0.00","104"
"2006-10-17","46.86","20.07","16.71","10.02","6.05","0.28","109"
"2006-10-10","45.35","19.55","18.29","10.14","6.44","0.24","114"
"2006-10-03","44.59","20.93","17.96","9.71","6.67","0.14","113"
"2006-09-26","45.12","21.94","16.63","9.69","6.46","0.14","111"
"2006-09-19","43.28","19.93","20.29","8.97","7.22","0.30","118"
"2006-09-12","42.32","17.54","18.04","11.81","8.85","1.44","132"
"2006-09-05","39.05","19.68","18.03","13.69","8.52","1.04","136"
"2006-08-29","36.70","19.35","19.35","14.64","8.22","1.74","144"
"2006-08-22","35.50","16.52","18.82","18.12","9.04","2.00","155"
"2006-08-15","35.80","15.04","19.30","18.53","9.33","2.01","157"
"2006-08-08","36.40","14.24","18.43","18.84","10.19","1.90","158"
"2006-08-01","38.54","13.03","19.74","17.34","10.09","1.25","151"
"2006-07-25","38.49","11.55","20.84","17.79","10.08","1.25","153"
"2006-07-18","39.60","11.93","22.57","18.56","6.34","1.01","143"
"2006-07-11","41.64","17.81","23.12","12.11","4.71","0.62","122"
"2006-07-04","46.39","15.57","18.28","11.30","7.52","0.94","121"
"2006-06-27","47.66","17.20","15.93","10.23","7.73","1.26","117"
"2006-06-20","46.48","19.60","14.16","10.19","8.40","1.17","118"
"2006-06-13","46.23","18.60","15.50","9.88","8.62","1.17","120"
"2006-06-06","51.41","17.31","13.17","9.84","7.09","1.18","107"
"2006-05-30","50.64","19.98","14.50","8.00","5.59","1.29","102"
"2006-05-23","54.59","18.23","13.26","6.79","5.77","1.36","95"
"2006-05-16","53.39","21.55","12.08","6.14","5.48","1.36","93"
"2006-05-09","48.37","25.55","13.66","5.46","5.26","1.70","99"
"2006-05-02","49.16","20.82","14.55","9.91","3.74","1.82","104"
"2006-04-25","48.76","18.86","13.83","11.77","5.55","1.23","110"
"2006-04-18","47.57","19.65","14.08","13.15","4.28","1.27","111"
"2006-04-11","49.44","18.96","15.06","12.58","2.84","1.12","104"
"2006-04-04","47.69","21.11","16.17","10.96","2.96","1.12","104"
"2006-03-28","49.07","19.53","14.66","12.51","3.11","1.12","104"
"2006-03-21","49.04","21.02","13.41","11.49","3.92","1.12","104"
"2006-03-14","54.05","14.66","13.10","10.12","6.71","1.36","105"
"2006-03-07","52.30","16.14","13.53","9.72","7.09","1.22","107"
"2006-02-28","54.31","15.58","13.69","9.27","5.93","1.22","101"
"2006-02-21","58.04","13.38","13.32","8.68","5.95","0.64","93"
"2006-02-14","58.24","13.58","13.91","7.90","5.80","0.57","91"
"2006-02-07","57.82","13.68","14.66","7.74","5.49","0.61","91"
"2006-01-31","56.82","15.94","15.97","6.92","3.81","0.54","87"
"2006-01-24","56.51","18.24","14.44","6.24","3.70","0.87","85"
"2006-01-17","54.33","20.18","16.95","4.81","2.98","0.76","84"
"2006-01-10","54.51","23.27","14.11","4.44","3.01","0.65","80"
"2006-01-03","57.05","21.66","13.81","4.53","2.34","0.61","75"
"2005-12-27","55.66","21.74","15.26","4.54","2.27","0.54","78"
"2005-12-20","53.89","23.33","15.39","4.59","2.27","0.54","80"
"2005-12-13","53.39","24.01","15.87","5.06","1.66","0.00","78"
"2005-12-06","54.74","23.17","16.03","4.67","1.39","0.00","75"
"2005-11-29","52.54","26.18","14.60","5.62","1.06","0.00","76"
"2005-11-22","50.15","27.44","15.73","5.73","0.96","0.00","80"
"2005-11-15","48.48","28.19","17.45","4.92","0.96","0.00","82"
"2005-11-08","48.36","27.67","19.41","3.67","0.89","0.00","81"
"2005-11-01","48.54","29.49","16.48","4.48","1.00","0.00","80"
"2005-10-25","53.45","26.33","14.92","4.30","1.00","0.00","73"
"2005-10-18","57.33","24.11","13.44","4.31","0.80","0.00","67"
"2005-10-11","56.87","24.20","13.37","4.72","0.84","0.00","68"
"2005-10-04","52.08","22.88","18.21","6.01","0.82","0.00","81"
"2005-09-27","54.15","22.12","16.54","6.44","0.75","0.00","78"
"2005-09-20","51.93","22.03","16.99","8.05","0.99","0.00","84"
"2005-09-13","52.16","23.34","14.63","8.48","1.39","0.00","84"
"2005-09-06","55.75","22.07","12.67","8.36","1.14","0.00","77"
"2005-08-30","58.03","20.04","13.43","7.67","0.84","0.00","73"
"2005-08-23","56.95","19.59","14.41","8.21","0.84","0.00","76"
"2005-08-16","53.50","21.13","15.59","8.79","0.99","0.00","83"
"2005-08-09","48.02","24.24","16.48","9.44","1.83","0.00","93"
"2005-08-02","47.68","23.03","16.99","10.46","1.84","0.00","96"
"2005-07-26","48.49","22.69","16.78","10.10","1.94","0.00","94"
"2005-07-19","51.91","19.73","16.50","10.36","1.50","0.00","90"
"2005-07-12","54.71","18.84","15.96","9.11","1.38","0.00","84"
"2005-07-05","54.08","18.98","15.51","9.79","1.64","0.00","86"
"2005-06-28","52.82","21.97","15.48","9.02","0.71","0.00","83"
"2005-06-21","59.48","17.56","15.37","7.59","0.00","0.00","71"
"2005-06-14","59.78","16.15","16.39","7.17","0.51","0.00","72"
"2005-06-07","55.24","17.89","18.03","7.77","1.08","0.00","82"
"2005-05-31","54.95","21.34","13.14","8.67","1.89","0.00","81"
"2005-05-24","55.47","22.27","11.58","8.78","1.89","0.00","79"
"2005-05-17","59.88","18.79","10.91","8.54","1.89","0.00","74"
"2005-05-10","52.61","24.88","9.27","9.96","3.29","0.00","86"
"2005-05-03","55.75","22.46","8.60","8.55","3.97","0.67","85"
"2005-04-26","64.33","13.53","8.84","8.55","3.90","0.85","77"
"2005-04-19","64.28","13.56","8.17","8.22","4.24","1.53","79"
"2005-04-12","67.21","9.36","8.00","9.93","4.02","1.49","79"
"2005-04-05","63.39","11.44","8.81","10.67","4.24","1.45","85"
"2005-03-29","62.59","11.49","9.39","10.70","4.32","1.51","87"
"2005-03-22","60.11","13.07","9.24","10.89","5.12","1.57","93"
"2005-03-15","59.69","13.49","9.24","10.89","5.12","1.57","93"
"2005-03-08","59.94","13.30","9.97","11.23","4.22","1.33","90"
"2005-03-01","61.65","11.65","10.44","10.75","4.19","1.32","88"
"2005-02-22","60.35","12.48","11.77","9.56","4.80","1.04","89"
"2005-02-15","60.80","11.96","13.05","8.43","4.73","1.04","87"
"2005-02-08","61.25","10.82","13.83","8.47","4.59","1.04","87"
"2005-02-01","60.90","10.65","14.21","9.36","4.15","0.72","87"
"2005-01-25","60.83","14.52","11.13","8.51","4.29","0.72","83"
"2005-01-18","60.99","14.75","10.87","8.59","4.08","0.72","82"
"2005-01-11","60.09","15.55","10.72","8.78","4.10","0.75","83"
"2005-01-04","63.02","11.34","10.25","9.48","5.14","0.77","85"
"2004-12-28","61.24","11.66","10.59","9.98","5.61","0.92","90"
"2004-12-21","62.66","10.21","10.55","10.19","5.47","0.92","88"
"2004-12-14","64.29","8.83","10.79","9.83","5.36","0.90","86"
"2004-12-07","63.43","9.55","10.53","10.00","5.56","0.93","88"
"2004-11-30","62.82","10.19","10.27","10.23","5.56","0.93","88"
"2004-11-23","60.06","11.50","10.75","9.80","6.96","0.93","95"
"2004-11-16","60.23","11.19","10.83","9.75","7.07","0.93","95"
"2004-11-09","60.90","10.54","10.46","10.03","7.12","0.93","95"
"2004-11-02","60.72","10.69","9.45","10.80","7.41","0.93","96"
"2004-10-26","58.84","11.38","10.54","10.91","7.40","0.93","99"
"2004-10-19","57.79","11.45","10.07","11.07","8.65","0.97","104"
"2004-10-12","55.44","12.96","10.33","11.63","8.65","1.00","108"
"2004-10-05","51.58","16.17","10.67","12.18","8.48","0.93","113"
"2004-09-28","56.52","12.97","8.69","12.13","8.76","0.93","106"
"2004-09-21","58.79","10.59","8.63","12.29","8.77","0.93","104"
"2004-09-14","59.55","9.49","8.78","11.91","9.30","0.96","105"
"2004-09-07","61.36","7.67","8.52","11.75","9.52","1.18","104"
"2004-08-31","59.78","9.04","8.43","11.20","10.33","1.21","107"
"2004-08-24","58.35","9.77","8.82","11.42","10.40","1.23","109"
"2004-08-17","56.21","10.94","9.21","11.65","10.73","1.26","114"
"2004-08-10","54.03","13.02","9.13","12.47","10.09","1.26","115"
"2004-08-03","53.81","13.16","8.99","13.10","9.56","1.38","116"
"2004-07-27","55.17","12.18","8.96","12.96","9.35","1.38","113"
"2004-07-20","52.47","14.07","9.29","13.55","9.19","1.43","117"
"2004-07-13","53.65","12.89","9.27","13.57","9.42","1.20","116"
"2004-07-06","54.46","11.80","10.30","12.88","9.37","1.20","115"
"2004-06-29","54.25","12.00","10.21","12.50","9.82","1.22","115"
"2004-06-22","53.25","10.67","11.79","13.12","9.95","1.22","120"
"2004-06-15","50.44","11.98","12.13","12.90","11.27","1.28","126"
"2004-06-08","47.21","14.23","12.73","13.16","12.08","0.58","130"
"2004-06-01","44.30","16.36","13.60","12.94","12.00","0.81","134"
"2004-05-25","42.32","17.75","14.05","12.97","12.11","0.81","137"
"2004-05-18","46.40","16.28","11.88","13.30","11.04","1.11","130"
"2004-05-11","45.16","15.72","12.15","14.62","11.26","1.09","134"
"2004-05-04","45.83","14.48","12.98","14.69","10.95","1.08","134"
"2004-04-27","44.30","16.85","12.92","15.36","9.73","0.83","132"
"2004-04-20","42.04","19.66","12.31","15.10","10.06","0.83","134"
"2004-04-13","44.45","19.13","11.20","14.87","9.54","0.81","128"
"2004-04-06","45.79","18.19","10.70","15.01","9.66","0.64","126"
"2004-03-30","46.49","16.15","10.22","14.06","11.15","1.93","133"
"2004-03-23","47.38","14.25","11.19","14.53","10.71","1.93","133"
"2004-03-16","51.17","11.11","10.64","14.73","10.41","1.93","128"
"2004-03-09","50.61","10.91","10.96","15.06","10.52","1.93","130"
"2004-03-02","48.59","12.22","10.92","15.73","10.45","2.08","133"
"2004-02-24","47.71","11.32","10.22","16.04","11.88","2.83","142"
"2004-02-17","46.59","12.13","10.54","16.32","11.61","2.83","143"
"2004-02-10","46.55","12.32","10.45","16.18","11.67","2.83","143"
"2004-02-03","45.58","12.55","11.04","15.87","12.00","2.97","145"
"2004-01-27","45.58","11.87","11.59","15.42","12.54","3.01","147"
"2004-01-20","44.90","11.26","12.57","15.68","12.70","2.89","149"
"2004-01-13","42.43","13.17","12.66","15.81","12.77","3.15","153"
"2004-01-06","42.23","11.80","13.43","16.30","12.53","3.71","156"
"2003-12-30","43.82","10.37","12.02","17.80","12.59","3.40","155"
"2003-12-23","42.53","9.93","13.64","16.26","13.92","3.72","160"
"2003-12-16","43.41","9.05","13.58","16.39","14.19","3.37","159"
"2003-12-09","41.41","10.70","14.14","16.57","13.88","3.30","161"
"2003-12-02","42.03","10.21","14.18","16.30","13.92","3.35","160"
"2003-11-25","41.22","10.85","14.38","15.90","14.35","3.29","161"
"2003-11-18","39.85","11.74","14.72","15.98","14.53","3.18","163"
"2003-11-11","38.40","12.75","14.75","15.65","15.11","3.34","166"
"2003-11-04","38.41","13.69","14.02","15.52","15.75","2.61","164"
"2003-10-28","37.13","14.14","13.67","16.79","15.74","2.54","168"
"2003-10-21","38.89","14.49","12.06","17.28","15.24","2.04","162"
"2003-10-14","40.06","13.43","12.38","16.60","15.48","2.04","160"
"2003-10-07","41.01","10.65","14.74","16.86","14.68","2.07","160"
"2003-09-30","38.57","13.06","15.26","16.24","14.78","2.09","162"
"2003-09-23","37.14","12.59","16.46","16.95","14.79","2.07","166"
"2003-09-16","37.61","12.13","15.82","17.26","14.99","2.19","166"
"2003-09-09","35.34","10.38","16.60","19.61","15.85","2.21","177"
"2003-09-02","35.76","11.84","18.02","17.28","15.18","1.93","170"
"2003-08-26","32.99","12.21","17.59","18.34","16.67","2.20","180"
"2003-08-19","35.23","15.26","15.41","16.73","15.26","2.12","168"
"2003-08-12","41.14","10.00","16.38","17.13","13.40","1.95","158"
"2003-08-05","42.78","9.17","17.98","15.15","12.95","1.98","152"
"2003-07-29","44.96","7.95","18.20","13.79","12.96","2.15","148"
"2003-07-22","46.13","15.53","12.30","11.20","13.18","1.66","135"
"2003-07-15","46.28","21.84","8.13","11.24","11.70","0.81","123"
"2003-07-08","53.26","17.20","7.29","10.79","10.65","0.81","111"
"2003-07-01","51.80","17.53","8.95","10.89","10.07","0.76","112"
"2003-06-24","48.67","16.38","12.88","11.37","9.83","0.88","120"
"2003-06-17","48.62","15.98","13.40","11.08","9.92","1.00","121"
"2003-06-10","46.64","14.15","15.36","13.62","9.22","1.02","128"
"2003-06-03","45.48","12.63","17.34","14.41","9.52","0.61","132"
"2003-05-27","46.91","11.11","17.40","14.34","9.64","0.60","130"
"2003-05-20","45.97","11.36","17.18","15.34","9.55","0.60","133"
"2003-05-13","43.78","14.31","20.68","10.85","9.76","0.62","130"
"2003-05-06","38.67","18.53","19.35","12.57","10.61","0.26","139"
"2003-04-29","34.63","21.69","15.39","15.26","12.77","0.26","151"
"2003-04-22","40.80","16.36","15.63","12.86","14.09","0.26","144"
"2003-04-15","38.79","17.87","16.09","12.77","14.25","0.23","147"
"2003-04-08","41.99","15.19","15.64","12.40","14.52","0.26","143"
"2003-04-01","41.11","14.34","15.28","13.67","15.01","0.58","149"
"2003-03-25","40.82","11.25","17.11","13.71","15.89","1.22","156"
"2003-03-18","39.33","12.20","16.79","12.50","17.50","1.69","162"
"2003-03-11","36.71","18.55","12.38","13.05","17.62","1.69","161"
"2003-03-04","38.82","16.43","12.22","12.63","17.91","2.00","160"
"2003-02-25","39.15","17.42","10.95","12.56","17.85","2.08","159"
"2003-02-18","38.14","17.60","12.34","11.81","18.03","2.09","160"
"2003-02-11","36.52","18.21","12.47","12.15","18.34","2.32","165"
"2003-02-04","37.95","17.72","12.31","11.48","18.29","2.25","161"
"2003-01-28","38.89","16.70","11.51","12.04","18.36","2.50","162"
"2003-01-21","40.00","15.72","11.56","12.19","18.18","2.36","160"
"2003-01-14","42.22","13.78","11.83","13.82","15.79","2.58","155"
"2003-01-07","42.38","15.05","11.35","14.91","14.61","1.69","149"
"2002-12-31","44.95","13.80","10.92","16.07","12.98","1.28","142"
"2002-12-24","43.42","14.46","11.46","16.75","12.63","1.28","145"
"2002-12-17","42.27","15.15","11.81","16.87","12.63","1.28","146"
"2002-12-10","38.62","17.60","13.01","17.11","12.40","1.26","151"
"2002-12-03","41.04","16.91","15.45","13.35","12.16","1.09","142"
"2002-11-26","41.37","17.15","15.25","12.69","12.42","1.11","141"
"2002-11-19","41.05","17.06","15.60","12.70","12.42","1.15","142"
"2002-11-12","40.85","16.28","16.29","13.04","12.42","1.12","143"
"2002-11-05","39.15","12.70","18.00","15.40","13.42","1.33","155"
"2002-10-29","39.02","14.16","17.13","14.57","13.76","1.35","154"
"2002-10-22","35.32","16.23","18.07","14.91","14.13","1.34","160"
"2002-10-15","32.30","17.89","18.56","15.39","14.52","1.34","166"
"2002-10-08","28.77","21.03","17.83","15.51","14.77","2.09","173"
"2002-10-01","29.08","22.33","15.21","15.54","14.71","3.14","174"
"2002-09-24","31.90","15.38","17.02","16.91","15.50","3.29","179"
"2002-09-17","28.58","17.92","16.42","17.17","16.03","3.88","186"
"2002-09-10","28.94","16.43","16.59","17.52","15.52","5.00","189"
"2002-09-03","32.08","17.97","13.82","14.70","15.20","6.23","182"
"2002-08-27","36.67","14.01","14.03","11.78","16.09","7.41","179"
"2002-08-20","35.10","15.85","13.94","11.40","15.86","7.85","181"
"2002-08-13","31.46","18.04","15.15","11.93","15.97","7.45","185"
"2002-08-06","31.50","18.40","14.31","12.56","16.24","6.98","185"
"2002-07-30","28.67","20.87","15.80","12.15","16.39","6.11","185"
"2002-07-23","28.15","20.37","15.57","13.35","16.56","5.99","188"
"2002-07-16","34.32","17.14","14.50","12.72","15.80","5.52","175"
"2002-07-09","36.16","16.05","14.65","12.63","15.00","5.51","171"
"2002-07-02","36.88","14.97","13.49","13.74","15.63","5.29","172"
"2002-06-25","37.74","14.44","14.35","13.56","16.41","3.50","167"
"2002-06-18","38.87","14.17","15.17","13.86","15.45","2.48","160"
"2002-06-11","37.84","16.95","14.85","13.67","14.61","2.07","156"
"2002-06-04","37.21","18.24","14.55","13.16","14.15","2.70","157"
"2002-05-28","37.91","17.56","13.61","13.30","14.89","2.73","158"
"2002-05-21","40.44","15.22","13.94","13.53","16.26","0.61","152"
"2002-05-14","38.56","14.67","15.42","14.91","15.79","0.65","157"
"2002-05-07","36.39","19.64","12.28","20.28","10.79","0.61","151"
"2002-04-30","38.73","18.37","11.91","19.04","11.67","0.28","147"
"2002-04-23","38.53","18.30","13.35","20.44","9.37","0.00","144"
"2002-04-16","39.50","17.29","15.78","20.68","6.75","0.00","138"
"2002-04-09","37.01","20.40","16.82","20.16","5.60","0.00","137"
"2002-04-02","35.89","22.90","16.77","19.21","5.23","0.00","135"
"2002-03-26","34.39","24.13","18.11","16.94","6.43","0.00","137"
"2002-03-19","34.52","24.70","20.70","13.47","6.62","0.00","133"
"2002-03-12","32.84","23.23","22.38","14.79","6.77","0.00","139"
"2002-03-05","36.40","27.07","18.37","12.51","5.66","0.00","124"
"2002-02-26","36.12","27.66","18.12","12.34","5.76","0.00","124"
"2002-02-19","39.32","25.27","18.63","11.13","5.64","0.00","118"
"2002-02-12","41.34","24.85","17.23","11.31","5.27","0.00","114"
"2002-02-05","42.35","25.56","15.58","11.00","5.51","0.00","112"
"2002-01-29","42.72","24.91","15.68","11.40","5.30","0.00","112"
"2002-01-22","43.57","23.46","15.20","12.12","5.64","0.00","113"
"2002-01-15","43.72","22.62","15.39","12.50","5.76","0.00","114"
"2002-01-08","45.55","19.74","14.44","13.96","6.31","0.00","116"
"2002-01-01","46.54","16.82","13.93","13.96","8.75","0.00","122"
"2001-12-25","46.66","16.98","13.76","14.48","8.12","0.00","120"
"2001-12-18","46.77","16.28","13.93","14.38","8.65","0.00","122"
"2001-12-11","45.65","17.24","15.21","13.21","8.69","0.00","122"
"2001-12-04","44.08","17.25","14.98","14.26","9.42","0.00","128"
"2001-11-27","43.63","18.42","14.06","12.97","10.93","0.00","129"
"2001-11-20","39.00","21.83","14.59","13.51","11.07","0.00","136"
"2001-11-13","38.78","22.08","16.00","11.72","11.41","0.00","135"
"2001-11-06","42.08","20.67","14.95","10.89","11.41","0.00","129"
"2001-10-30","44.62","19.69","14.80","10.92","9.96","0.00","122"
"2001-10-23","48.06","20.53","11.71","9.70","10.01","0.00","113"
"2001-10-16","53.80","17.55","9.50","9.14","10.01","0.00","104"
"2001-10-09","52.59","18.25","10.22","8.94","10.01","0.00","106"
"2001-10-02","55.87","15.89","9.29","9.30","9.64","0.00","101"
"2001-09-25","56.30","15.29","8.63","10.39","9.39","0.00","101"
"2001-09-18","51.64","18.75","9.68","10.55","9.37","0.00","107"
"2001-09-11","49.19","20.76","10.13","10.55","9.37","0.00","110"
"2001-09-04","49.76","21.69","9.63","10.02","8.89","0.00","107"
"2001-08-28","52.54","17.04","10.47","11.43","8.52","0.00","106"
"2001-08-21","54.08","14.95","11.78","12.01","7.18","0.00","103"
"2001-08-14","51.19","17.93","12.30","13.58","5.00","0.00","103"
"2001-08-07","48.63","20.34","12.58","13.22","5.23","0.00","106"
"2001-07-31","47.31","21.72","13.21","12.52","5.23","0.00","107"
"2001-07-24","47.18","25.19","10.63","13.48","3.53","0.00","101"
"2001-07-17","51.02","22.78","8.50","14.14","3.56","0.00","96"
"2001-07-10","57.32","16.87","9.03","12.98","3.79","0.00","89"
"2001-07-03","52.98","20.09","9.14","13.79","4.01","0.00","96"
"2001-06-26","54.68","19.22","9.73","14.38","1.99","0.00","90"
"2001-06-19","57.18","18.33","10.01","12.57","1.92","0.00","84"
"2001-06-12","62.26","12.33","12.72","10.66","1.93","0.10","78"
"2001-06-05","60.31","12.71","13.90","10.74","1.94","0.40","82"
"2001-05-29","55.13","14.73","16.60","11.09","1.96","0.49","91"
"2001-05-22","53.76","14.34","18.58","10.76","2.07","0.49","95"
"2001-05-15","51.45","16.68","16.58","12.50","2.33","0.46","99"
"2001-05-08","52.51","18.97","15.34","11.20","1.71","0.27","91"
"2001-05-01","63.07","11.99","14.51","8.90","1.26","0.27","74"
"2001-04-24","64.79","13.09","11.82","8.77","1.26","0.27","69"
"2001-04-17","64.95","13.71","11.16","8.65","1.26","0.27","68"
"2001-04-10","64.48","14.31","11.08","8.70","1.22","0.21","68"
"2001-04-03","61.84","17.58","10.45","8.70","1.24","0.18","70"
"2001-03-27","62.42","16.41","11.26","8.45","0.82","0.64","71"
"2001-03-20","65.95","12.54","11.60","8.40","0.82","0.68","68"
"2001-03-13","66.03","12.95","11.63","7.80","0.88","0.71","67"
"2001-03-06","66.74","12.02","15.78","3.81","0.94","0.71","62"
"2001-02-27","65.22","13.14","16.01","3.91","1.00","0.73","65"
"2001-02-20","65.55","12.76","16.06","3.91","1.08","0.64","64"
"2001-02-13","62.79","15.02","16.59","3.98","1.00","0.61","67"
"2001-02-06","61.43","26.59","6.60","4.36","0.69","0.34","57"
"2001-01-30","61.15","27.14","6.71","4.11","0.54","0.35","57"
"2001-01-23","56.57","30.59","7.14","4.74","0.62","0.35","63"
"2001-01-16","69.98","15.72","8.17","4.59","1.21","0.33","52"
"2001-01-09","68.35","17.34","7.77","5.10","1.09","0.33","54"
"2001-01-02","70.82","15.24","7.78","5.20","0.63","0.33","51"
"2000-12-26","72.25","13.34","6.89","6.56","0.60","0.36","51"
"2000-12-19","70.65","14.01","7.81","6.64","0.58","0.30","53"
"2000-12-12","66.85","16.10","7.77","8.20","0.85","0.25","61"
"2000-12-05","66.14","17.11","7.69","8.24","0.68","0.14","61"
"2000-11-28","64.43","19.36","7.17","8.33","0.71","0.00","62"
"2000-11-21","64.23","18.08","6.98","8.06","2.64","0.00","67"
"2000-11-14","63.11","18.00","6.96","6.10","5.11","0.72","74"
"2000-11-07","54.68","25.40","7.48","4.95","6.50","0.99","86"
"2000-10-31","40.25","25.05","17.73","7.87","6.46","2.63","123"
"2000-10-24","35.77","24.99","22.03","9.53","6.00","1.69","130"
"2000-10-17","40.20","18.83","18.76","15.12","6.04","1.05","131"
"2000-10-10","40.51","18.46","16.73","18.42","5.41","0.46","131"
"2000-10-03","39.53","19.48","14.82","19.18","6.25","0.74","135"
"2000-09-26","42.19","19.53","14.33","17.05","6.16","0.74","128"
"2000-09-19","41.62","18.57","13.66","17.78","6.74","1.64","134"
"2000-09-12","43.73","17.76","14.33","15.30","7.17","1.71","130"
"2000-09-05","42.77","22.58","15.34","11.25","5.45","2.61","122"
"2000-08-29","43.72","24.08","16.46","8.89","4.38","2.47","114"
"2000-08-22","49.90","20.97","15.24","8.50","2.99","2.39","101"
"2000-08-15","48.37","24.12","14.50","8.62","2.40","1.98","98"
"2000-08-08","48.87","26.63","13.74","6.29","2.33","2.14","93"
"2000-08-01","50.33","25.55","13.75","5.45","2.51","2.41","91"
"2000-07-25","50.13","27.01","13.54","4.13","2.60","2.59","90"
"2000-07-18","50.54","27.08","13.61","3.34","3.31","2.12","88"
"2000-07-11","56.43","23.26","12.20","3.46","3.00","1.65","78"
"2000-07-04","57.50","24.74","9.61","3.87","3.02","1.26","74"
"2000-06-27","55.16","21.12","11.24","7.99","2.82","1.66","87"
"2000-06-20","57.44","19.82","8.65","7.40","5.04","1.64","88"
"2000-06-13","55.96","20.60","9.31","6.83","5.76","1.54","90"
"2000-06-06","62.66","15.99","8.59","7.36","5.11","0.30","77"
"2000-05-30","62.06","13.77","10.48","8.61","4.82","0.26","81"
"2000-05-23","57.84","18.39","9.65","10.54","3.58","0.00","84"
"2000-05-16","52.57","19.09","12.80","12.55","2.99","0.00","94"
"2000-05-09","55.75","19.56","11.86","11.18","1.66","0.00","83"
"2000-05-02","55.43","18.88","12.46","11.56","1.66","0.00","85"
"2000-04-25","56.15","19.57","11.22","11.58","1.48","0.00","83"
"2000-04-18","53.06","20.34","12.00","14.60","0.00","0.00","88"
"2000-04-11","54.87","18.71","12.75","13.68","0.00","0.00","85"
"2000-04-04","51.49","22.90","11.15","14.46","0.00","0.00","89"
"2000-03-28","54.69","18.77","14.06","12.47","0.00","0.00","84"
"2000-03-21","52.02","18.17","14.18","15.63","0.00","0.00","93"
"2000-03-14","51.59","17.86","14.47","16.07","0.00","0.00","95"
"2000-03-07","45.92","21.91","17.10","15.08","0.00","0.00","101"
"2000-02-29","45.46","21.98","18.49","14.07","0.00","0.00","101"
"2000-02-22","43.35","25.94","19.77","10.95","0.00","0.00","98"
"2000-02-15","36.85","31.20","21.02","10.93","0.00","0.00","106"
"2000-02-08","36.07","34.54","18.36","11.03","0.00","0.00","104"
"2000-02-01","34.99","36.04","18.75","10.22","0.00","0.00","104"
"2000-01-25","30.74","43.78","15.37","10.11","0.00","0.00","105"
"2000-01-18","32.20","41.89","15.52","10.38","0.00","0.00","104"
"2000-01-11","38.20","36.87","15.03","9.90","0.00","0.00","97"
"2000-01-04","49.00","27.65","13.90","9.45","0.00","0.00","84"